Patient,N_Win,Dir
h01,1,test\per_win\sane\h01_w1.pt
h01,2,test\per_win\sane\h01_w2.pt
h01,3,test\per_win\sane\h01_w3.pt
h01,4,test\per_win\sane\h01_w4.pt
h01,5,test\per_win\sane\h01_w5.pt
h01,6,test\per_win\sane\h01_w6.pt
h01,7,test\per_win\sane\h01_w7.pt
h01,8,test\per_win\sane\h01_w8.pt
h01,9,test\per_win\sane\h01_w9.pt
h01,10,test\per_win\sane\h01_w10.pt
h01,11,test\per_win\sane\h01_w11.pt
h01,12,test\per_win\sane\h01_w12.pt
h01,13,test\per_win\sane\h01_w13.pt
h01,14,test\per_win\sane\h01_w14.pt
h01,15,test\per_win\sane\h01_w15.pt
h01,16,test\per_win\sane\h01_w16.pt
h01,17,test\per_win\sane\h01_w17.pt
h01,18,test\per_win\sane\h01_w18.pt
h01,19,test\per_win\sane\h01_w19.pt
h01,20,test\per_win\sane\h01_w20.pt
h01,21,test\per_win\sane\h01_w21.pt
h01,22,test\per_win\sane\h01_w22.pt
h01,23,test\per_win\sane\h01_w23.pt
h01,24,test\per_win\sane\h01_w24.pt
h01,25,test\per_win\sane\h01_w25.pt
h01,26,test\per_win\sane\h01_w26.pt
h01,27,test\per_win\sane\h01_w27.pt
h01,28,test\per_win\sane\h01_w28.pt
h01,29,test\per_win\sane\h01_w29.pt
h01,30,test\per_win\sane\h01_w30.pt
h01,31,test\per_win\sane\h01_w31.pt
h01,32,test\per_win\sane\h01_w32.pt
h01,33,test\per_win\sane\h01_w33.pt
h01,34,test\per_win\sane\h01_w34.pt
h01,35,test\per_win\sane\h01_w35.pt
h01,36,test\per_win\sane\h01_w36.pt
h01,37,test\per_win\sane\h01_w37.pt
h01,38,test\per_win\sane\h01_w38.pt
h01,39,test\per_win\sane\h01_w39.pt
h01,40,test\per_win\sane\h01_w40.pt
h01,41,test\per_win\sane\h01_w41.pt
h01,42,test\per_win\sane\h01_w42.pt
h01,43,test\per_win\sane\h01_w43.pt
h01,44,test\per_win\sane\h01_w44.pt
h01,45,test\per_win\sane\h01_w45.pt
h01,46,test\per_win\sane\h01_w46.pt
h01,47,test\per_win\sane\h01_w47.pt
h01,48,test\per_win\sane\h01_w48.pt
h01,49,test\per_win\sane\h01_w49.pt
h01,50,test\per_win\sane\h01_w50.pt
h01,51,test\per_win\sane\h01_w51.pt
h01,52,test\per_win\sane\h01_w52.pt
h01,53,test\per_win\sane\h01_w53.pt
h01,54,test\per_win\sane\h01_w54.pt
h01,55,test\per_win\sane\h01_w55.pt
h01,56,test\per_win\sane\h01_w56.pt
h01,57,test\per_win\sane\h01_w57.pt
h01,58,test\per_win\sane\h01_w58.pt
h01,59,test\per_win\sane\h01_w59.pt
h01,60,test\per_win\sane\h01_w60.pt
h01,61,test\per_win\sane\h01_w61.pt
h01,62,test\per_win\sane\h01_w62.pt
h01,63,test\per_win\sane\h01_w63.pt
h01,64,test\per_win\sane\h01_w64.pt
h02,1,test\per_win\sane\h02_w1.pt
h02,2,test\per_win\sane\h02_w2.pt
h02,3,test\per_win\sane\h02_w3.pt
h02,4,test\per_win\sane\h02_w4.pt
h02,5,test\per_win\sane\h02_w5.pt
h02,6,test\per_win\sane\h02_w6.pt
h02,7,test\per_win\sane\h02_w7.pt
h02,8,test\per_win\sane\h02_w8.pt
h02,9,test\per_win\sane\h02_w9.pt
h02,10,test\per_win\sane\h02_w10.pt
h02,11,test\per_win\sane\h02_w11.pt
h02,12,test\per_win\sane\h02_w12.pt
h02,13,test\per_win\sane\h02_w13.pt
h02,14,test\per_win\sane\h02_w14.pt
h02,15,test\per_win\sane\h02_w15.pt
h02,16,test\per_win\sane\h02_w16.pt
h02,17,test\per_win\sane\h02_w17.pt
h02,18,test\per_win\sane\h02_w18.pt
h02,19,test\per_win\sane\h02_w19.pt
h02,20,test\per_win\sane\h02_w20.pt
h02,21,test\per_win\sane\h02_w21.pt
h02,22,test\per_win\sane\h02_w22.pt
h02,23,test\per_win\sane\h02_w23.pt
h02,24,test\per_win\sane\h02_w24.pt
h02,25,test\per_win\sane\h02_w25.pt
h02,26,test\per_win\sane\h02_w26.pt
h02,27,test\per_win\sane\h02_w27.pt
h02,28,test\per_win\sane\h02_w28.pt
h02,29,test\per_win\sane\h02_w29.pt
h02,30,test\per_win\sane\h02_w30.pt
h02,31,test\per_win\sane\h02_w31.pt
h02,32,test\per_win\sane\h02_w32.pt
h02,33,test\per_win\sane\h02_w33.pt
h02,34,test\per_win\sane\h02_w34.pt
h02,35,test\per_win\sane\h02_w35.pt
h02,36,test\per_win\sane\h02_w36.pt
h02,37,test\per_win\sane\h02_w37.pt
h02,38,test\per_win\sane\h02_w38.pt
h02,39,test\per_win\sane\h02_w39.pt
h02,40,test\per_win\sane\h02_w40.pt
h02,41,test\per_win\sane\h02_w41.pt
h02,42,test\per_win\sane\h02_w42.pt
h02,43,test\per_win\sane\h02_w43.pt
h02,44,test\per_win\sane\h02_w44.pt
h02,45,test\per_win\sane\h02_w45.pt
h02,46,test\per_win\sane\h02_w46.pt
h02,47,test\per_win\sane\h02_w47.pt
h02,48,test\per_win\sane\h02_w48.pt
h02,49,test\per_win\sane\h02_w49.pt
h02,50,test\per_win\sane\h02_w50.pt
h02,51,test\per_win\sane\h02_w51.pt
h02,52,test\per_win\sane\h02_w52.pt
h02,53,test\per_win\sane\h02_w53.pt
h02,54,test\per_win\sane\h02_w54.pt
h02,55,test\per_win\sane\h02_w55.pt
h02,56,test\per_win\sane\h02_w56.pt
h02,57,test\per_win\sane\h02_w57.pt
h02,58,test\per_win\sane\h02_w58.pt
h02,59,test\per_win\sane\h02_w59.pt
h02,60,test\per_win\sane\h02_w60.pt
h02,61,test\per_win\sane\h02_w61.pt
h02,62,test\per_win\sane\h02_w62.pt
h02,63,test\per_win\sane\h02_w63.pt
h02,64,test\per_win\sane\h02_w64.pt
h03,1,test\per_win\sane\h03_w1.pt
h03,2,test\per_win\sane\h03_w2.pt
h03,3,test\per_win\sane\h03_w3.pt
h03,4,test\per_win\sane\h03_w4.pt
h03,5,test\per_win\sane\h03_w5.pt
h03,6,test\per_win\sane\h03_w6.pt
h03,7,test\per_win\sane\h03_w7.pt
h03,8,test\per_win\sane\h03_w8.pt
h03,9,test\per_win\sane\h03_w9.pt
h03,10,test\per_win\sane\h03_w10.pt
h03,11,test\per_win\sane\h03_w11.pt
h03,12,test\per_win\sane\h03_w12.pt
h03,13,test\per_win\sane\h03_w13.pt
h03,14,test\per_win\sane\h03_w14.pt
h03,15,test\per_win\sane\h03_w15.pt
h03,16,test\per_win\sane\h03_w16.pt
h03,17,test\per_win\sane\h03_w17.pt
h03,18,test\per_win\sane\h03_w18.pt
h03,19,test\per_win\sane\h03_w19.pt
h03,20,test\per_win\sane\h03_w20.pt
h03,21,test\per_win\sane\h03_w21.pt
h03,22,test\per_win\sane\h03_w22.pt
h03,23,test\per_win\sane\h03_w23.pt
h03,24,test\per_win\sane\h03_w24.pt
h03,25,test\per_win\sane\h03_w25.pt
h03,26,test\per_win\sane\h03_w26.pt
h03,27,test\per_win\sane\h03_w27.pt
h03,28,test\per_win\sane\h03_w28.pt
h03,29,test\per_win\sane\h03_w29.pt
h03,30,test\per_win\sane\h03_w30.pt
h03,31,test\per_win\sane\h03_w31.pt
h03,32,test\per_win\sane\h03_w32.pt
h03,33,test\per_win\sane\h03_w33.pt
h03,34,test\per_win\sane\h03_w34.pt
h03,35,test\per_win\sane\h03_w35.pt
h03,36,test\per_win\sane\h03_w36.pt
h03,37,test\per_win\sane\h03_w37.pt
h03,38,test\per_win\sane\h03_w38.pt
h03,39,test\per_win\sane\h03_w39.pt
h03,40,test\per_win\sane\h03_w40.pt
h03,41,test\per_win\sane\h03_w41.pt
h03,42,test\per_win\sane\h03_w42.pt
h03,43,test\per_win\sane\h03_w43.pt
h03,44,test\per_win\sane\h03_w44.pt
h03,45,test\per_win\sane\h03_w45.pt
h03,46,test\per_win\sane\h03_w46.pt
h03,47,test\per_win\sane\h03_w47.pt
h03,48,test\per_win\sane\h03_w48.pt
h03,49,test\per_win\sane\h03_w49.pt
h03,50,test\per_win\sane\h03_w50.pt
h03,51,test\per_win\sane\h03_w51.pt
h03,52,test\per_win\sane\h03_w52.pt
h03,53,test\per_win\sane\h03_w53.pt
h03,54,test\per_win\sane\h03_w54.pt
h03,55,test\per_win\sane\h03_w55.pt
h03,56,test\per_win\sane\h03_w56.pt
h03,57,test\per_win\sane\h03_w57.pt
h03,58,test\per_win\sane\h03_w58.pt
h03,59,test\per_win\sane\h03_w59.pt
h03,60,test\per_win\sane\h03_w60.pt
h03,61,test\per_win\sane\h03_w61.pt
h03,62,test\per_win\sane\h03_w62.pt
h03,63,test\per_win\sane\h03_w63.pt
h03,64,test\per_win\sane\h03_w64.pt
h04,1,test\per_win\sane\h04_w1.pt
h04,2,test\per_win\sane\h04_w2.pt
h04,3,test\per_win\sane\h04_w3.pt
h04,4,test\per_win\sane\h04_w4.pt
h04,5,test\per_win\sane\h04_w5.pt
h04,6,test\per_win\sane\h04_w6.pt
h04,7,test\per_win\sane\h04_w7.pt
h04,8,test\per_win\sane\h04_w8.pt
h04,9,test\per_win\sane\h04_w9.pt
h04,10,test\per_win\sane\h04_w10.pt
h04,11,test\per_win\sane\h04_w11.pt
h04,12,test\per_win\sane\h04_w12.pt
h04,13,test\per_win\sane\h04_w13.pt
h04,14,test\per_win\sane\h04_w14.pt
h04,15,test\per_win\sane\h04_w15.pt
h04,16,test\per_win\sane\h04_w16.pt
h04,17,test\per_win\sane\h04_w17.pt
h04,18,test\per_win\sane\h04_w18.pt
h04,19,test\per_win\sane\h04_w19.pt
h04,20,test\per_win\sane\h04_w20.pt
h04,21,test\per_win\sane\h04_w21.pt
h04,22,test\per_win\sane\h04_w22.pt
h04,23,test\per_win\sane\h04_w23.pt
h04,24,test\per_win\sane\h04_w24.pt
h04,25,test\per_win\sane\h04_w25.pt
h04,26,test\per_win\sane\h04_w26.pt
h04,27,test\per_win\sane\h04_w27.pt
h04,28,test\per_win\sane\h04_w28.pt
h04,29,test\per_win\sane\h04_w29.pt
h04,30,test\per_win\sane\h04_w30.pt
h04,31,test\per_win\sane\h04_w31.pt
h04,32,test\per_win\sane\h04_w32.pt
h04,33,test\per_win\sane\h04_w33.pt
h04,34,test\per_win\sane\h04_w34.pt
h04,35,test\per_win\sane\h04_w35.pt
h04,36,test\per_win\sane\h04_w36.pt
h04,37,test\per_win\sane\h04_w37.pt
h04,38,test\per_win\sane\h04_w38.pt
h04,39,test\per_win\sane\h04_w39.pt
h04,40,test\per_win\sane\h04_w40.pt
h04,41,test\per_win\sane\h04_w41.pt
h04,42,test\per_win\sane\h04_w42.pt
h04,43,test\per_win\sane\h04_w43.pt
h04,44,test\per_win\sane\h04_w44.pt
h04,45,test\per_win\sane\h04_w45.pt
h04,46,test\per_win\sane\h04_w46.pt
h04,47,test\per_win\sane\h04_w47.pt
h04,48,test\per_win\sane\h04_w48.pt
h04,49,test\per_win\sane\h04_w49.pt
h04,50,test\per_win\sane\h04_w50.pt
h04,51,test\per_win\sane\h04_w51.pt
h04,52,test\per_win\sane\h04_w52.pt
h04,53,test\per_win\sane\h04_w53.pt
h04,54,test\per_win\sane\h04_w54.pt
h04,55,test\per_win\sane\h04_w55.pt
h04,56,test\per_win\sane\h04_w56.pt
h04,57,test\per_win\sane\h04_w57.pt
h04,58,test\per_win\sane\h04_w58.pt
h04,59,test\per_win\sane\h04_w59.pt
h04,60,test\per_win\sane\h04_w60.pt
h04,61,test\per_win\sane\h04_w61.pt
h04,62,test\per_win\sane\h04_w62.pt
h04,63,test\per_win\sane\h04_w63.pt
h04,64,test\per_win\sane\h04_w64.pt
h05,1,test\per_win\sane\h05_w1.pt
h05,2,test\per_win\sane\h05_w2.pt
h05,3,test\per_win\sane\h05_w3.pt
h05,4,test\per_win\sane\h05_w4.pt
h05,5,test\per_win\sane\h05_w5.pt
h05,6,test\per_win\sane\h05_w6.pt
h05,7,test\per_win\sane\h05_w7.pt
h05,8,test\per_win\sane\h05_w8.pt
h05,9,test\per_win\sane\h05_w9.pt
h05,10,test\per_win\sane\h05_w10.pt
h05,11,test\per_win\sane\h05_w11.pt
h05,12,test\per_win\sane\h05_w12.pt
h05,13,test\per_win\sane\h05_w13.pt
h05,14,test\per_win\sane\h05_w14.pt
h05,15,test\per_win\sane\h05_w15.pt
h05,16,test\per_win\sane\h05_w16.pt
h05,17,test\per_win\sane\h05_w17.pt
h05,18,test\per_win\sane\h05_w18.pt
h05,19,test\per_win\sane\h05_w19.pt
h05,20,test\per_win\sane\h05_w20.pt
h05,21,test\per_win\sane\h05_w21.pt
h05,22,test\per_win\sane\h05_w22.pt
h05,23,test\per_win\sane\h05_w23.pt
h05,24,test\per_win\sane\h05_w24.pt
h05,25,test\per_win\sane\h05_w25.pt
h05,26,test\per_win\sane\h05_w26.pt
h05,27,test\per_win\sane\h05_w27.pt
h05,28,test\per_win\sane\h05_w28.pt
h05,29,test\per_win\sane\h05_w29.pt
h05,30,test\per_win\sane\h05_w30.pt
h05,31,test\per_win\sane\h05_w31.pt
h05,32,test\per_win\sane\h05_w32.pt
h05,33,test\per_win\sane\h05_w33.pt
h05,34,test\per_win\sane\h05_w34.pt
h05,35,test\per_win\sane\h05_w35.pt
h05,36,test\per_win\sane\h05_w36.pt
h05,37,test\per_win\sane\h05_w37.pt
h05,38,test\per_win\sane\h05_w38.pt
h05,39,test\per_win\sane\h05_w39.pt
h05,40,test\per_win\sane\h05_w40.pt
h05,41,test\per_win\sane\h05_w41.pt
h05,42,test\per_win\sane\h05_w42.pt
h05,43,test\per_win\sane\h05_w43.pt
h05,44,test\per_win\sane\h05_w44.pt
h05,45,test\per_win\sane\h05_w45.pt
h05,46,test\per_win\sane\h05_w46.pt
h05,47,test\per_win\sane\h05_w47.pt
h05,48,test\per_win\sane\h05_w48.pt
h05,49,test\per_win\sane\h05_w49.pt
h05,50,test\per_win\sane\h05_w50.pt
h05,51,test\per_win\sane\h05_w51.pt
h05,52,test\per_win\sane\h05_w52.pt
h05,53,test\per_win\sane\h05_w53.pt
h05,54,test\per_win\sane\h05_w54.pt
h05,55,test\per_win\sane\h05_w55.pt
h05,56,test\per_win\sane\h05_w56.pt
h05,57,test\per_win\sane\h05_w57.pt
h05,58,test\per_win\sane\h05_w58.pt
h05,59,test\per_win\sane\h05_w59.pt
h05,60,test\per_win\sane\h05_w60.pt
h05,61,test\per_win\sane\h05_w61.pt
h05,62,test\per_win\sane\h05_w62.pt
h05,63,test\per_win\sane\h05_w63.pt
h05,64,test\per_win\sane\h05_w64.pt
h06,1,test\per_win\sane\h06_w1.pt
h06,2,test\per_win\sane\h06_w2.pt
h06,3,test\per_win\sane\h06_w3.pt
h06,4,test\per_win\sane\h06_w4.pt
h06,5,test\per_win\sane\h06_w5.pt
h06,6,test\per_win\sane\h06_w6.pt
h06,7,test\per_win\sane\h06_w7.pt
h06,8,test\per_win\sane\h06_w8.pt
h06,9,test\per_win\sane\h06_w9.pt
h06,10,test\per_win\sane\h06_w10.pt
h06,11,test\per_win\sane\h06_w11.pt
h06,12,test\per_win\sane\h06_w12.pt
h06,13,test\per_win\sane\h06_w13.pt
h06,14,test\per_win\sane\h06_w14.pt
h06,15,test\per_win\sane\h06_w15.pt
h06,16,test\per_win\sane\h06_w16.pt
h06,17,test\per_win\sane\h06_w17.pt
h06,18,test\per_win\sane\h06_w18.pt
h06,19,test\per_win\sane\h06_w19.pt
h06,20,test\per_win\sane\h06_w20.pt
h06,21,test\per_win\sane\h06_w21.pt
h06,22,test\per_win\sane\h06_w22.pt
h06,23,test\per_win\sane\h06_w23.pt
h06,24,test\per_win\sane\h06_w24.pt
h06,25,test\per_win\sane\h06_w25.pt
h06,26,test\per_win\sane\h06_w26.pt
h06,27,test\per_win\sane\h06_w27.pt
h06,28,test\per_win\sane\h06_w28.pt
h06,29,test\per_win\sane\h06_w29.pt
h06,30,test\per_win\sane\h06_w30.pt
h06,31,test\per_win\sane\h06_w31.pt
h06,32,test\per_win\sane\h06_w32.pt
h06,33,test\per_win\sane\h06_w33.pt
h06,34,test\per_win\sane\h06_w34.pt
h06,35,test\per_win\sane\h06_w35.pt
h06,36,test\per_win\sane\h06_w36.pt
h06,37,test\per_win\sane\h06_w37.pt
h06,38,test\per_win\sane\h06_w38.pt
h06,39,test\per_win\sane\h06_w39.pt
h06,40,test\per_win\sane\h06_w40.pt
h06,41,test\per_win\sane\h06_w41.pt
h06,42,test\per_win\sane\h06_w42.pt
h06,43,test\per_win\sane\h06_w43.pt
h06,44,test\per_win\sane\h06_w44.pt
h06,45,test\per_win\sane\h06_w45.pt
h06,46,test\per_win\sane\h06_w46.pt
h06,47,test\per_win\sane\h06_w47.pt
h06,48,test\per_win\sane\h06_w48.pt
h06,49,test\per_win\sane\h06_w49.pt
h06,50,test\per_win\sane\h06_w50.pt
h06,51,test\per_win\sane\h06_w51.pt
h06,52,test\per_win\sane\h06_w52.pt
h06,53,test\per_win\sane\h06_w53.pt
h06,54,test\per_win\sane\h06_w54.pt
h06,55,test\per_win\sane\h06_w55.pt
h06,56,test\per_win\sane\h06_w56.pt
h06,57,test\per_win\sane\h06_w57.pt
h06,58,test\per_win\sane\h06_w58.pt
h06,59,test\per_win\sane\h06_w59.pt
h06,60,test\per_win\sane\h06_w60.pt
h06,61,test\per_win\sane\h06_w61.pt
h06,62,test\per_win\sane\h06_w62.pt
h06,63,test\per_win\sane\h06_w63.pt
h06,64,test\per_win\sane\h06_w64.pt
h07,1,test\per_win\sane\h07_w1.pt
h07,2,test\per_win\sane\h07_w2.pt
h07,3,test\per_win\sane\h07_w3.pt
h07,4,test\per_win\sane\h07_w4.pt
h07,5,test\per_win\sane\h07_w5.pt
h07,6,test\per_win\sane\h07_w6.pt
h07,7,test\per_win\sane\h07_w7.pt
h07,8,test\per_win\sane\h07_w8.pt
h07,9,test\per_win\sane\h07_w9.pt
h07,10,test\per_win\sane\h07_w10.pt
h07,11,test\per_win\sane\h07_w11.pt
h07,12,test\per_win\sane\h07_w12.pt
h07,13,test\per_win\sane\h07_w13.pt
h07,14,test\per_win\sane\h07_w14.pt
h07,15,test\per_win\sane\h07_w15.pt
h07,16,test\per_win\sane\h07_w16.pt
h07,17,test\per_win\sane\h07_w17.pt
h07,18,test\per_win\sane\h07_w18.pt
h07,19,test\per_win\sane\h07_w19.pt
h07,20,test\per_win\sane\h07_w20.pt
h07,21,test\per_win\sane\h07_w21.pt
h07,22,test\per_win\sane\h07_w22.pt
h07,23,test\per_win\sane\h07_w23.pt
h07,24,test\per_win\sane\h07_w24.pt
h07,25,test\per_win\sane\h07_w25.pt
h07,26,test\per_win\sane\h07_w26.pt
h07,27,test\per_win\sane\h07_w27.pt
h07,28,test\per_win\sane\h07_w28.pt
h07,29,test\per_win\sane\h07_w29.pt
h07,30,test\per_win\sane\h07_w30.pt
h07,31,test\per_win\sane\h07_w31.pt
h07,32,test\per_win\sane\h07_w32.pt
h07,33,test\per_win\sane\h07_w33.pt
h07,34,test\per_win\sane\h07_w34.pt
h07,35,test\per_win\sane\h07_w35.pt
h07,36,test\per_win\sane\h07_w36.pt
h07,37,test\per_win\sane\h07_w37.pt
h07,38,test\per_win\sane\h07_w38.pt
h07,39,test\per_win\sane\h07_w39.pt
h07,40,test\per_win\sane\h07_w40.pt
h07,41,test\per_win\sane\h07_w41.pt
h07,42,test\per_win\sane\h07_w42.pt
h07,43,test\per_win\sane\h07_w43.pt
h07,44,test\per_win\sane\h07_w44.pt
h07,45,test\per_win\sane\h07_w45.pt
h07,46,test\per_win\sane\h07_w46.pt
h07,47,test\per_win\sane\h07_w47.pt
h07,48,test\per_win\sane\h07_w48.pt
h07,49,test\per_win\sane\h07_w49.pt
h07,50,test\per_win\sane\h07_w50.pt
h07,51,test\per_win\sane\h07_w51.pt
h07,52,test\per_win\sane\h07_w52.pt
h07,53,test\per_win\sane\h07_w53.pt
h07,54,test\per_win\sane\h07_w54.pt
h07,55,test\per_win\sane\h07_w55.pt
h07,56,test\per_win\sane\h07_w56.pt
h07,57,test\per_win\sane\h07_w57.pt
h07,58,test\per_win\sane\h07_w58.pt
h07,59,test\per_win\sane\h07_w59.pt
h07,60,test\per_win\sane\h07_w60.pt
h07,61,test\per_win\sane\h07_w61.pt
h07,62,test\per_win\sane\h07_w62.pt
h07,63,test\per_win\sane\h07_w63.pt
h07,64,test\per_win\sane\h07_w64.pt
h08,1,test\per_win\sane\h08_w1.pt
h08,2,test\per_win\sane\h08_w2.pt
h08,3,test\per_win\sane\h08_w3.pt
h08,4,test\per_win\sane\h08_w4.pt
h08,5,test\per_win\sane\h08_w5.pt
h08,6,test\per_win\sane\h08_w6.pt
h08,7,test\per_win\sane\h08_w7.pt
h08,8,test\per_win\sane\h08_w8.pt
h08,9,test\per_win\sane\h08_w9.pt
h08,10,test\per_win\sane\h08_w10.pt
h08,11,test\per_win\sane\h08_w11.pt
h08,12,test\per_win\sane\h08_w12.pt
h08,13,test\per_win\sane\h08_w13.pt
h08,14,test\per_win\sane\h08_w14.pt
h08,15,test\per_win\sane\h08_w15.pt
h08,16,test\per_win\sane\h08_w16.pt
h08,17,test\per_win\sane\h08_w17.pt
h08,18,test\per_win\sane\h08_w18.pt
h08,19,test\per_win\sane\h08_w19.pt
h08,20,test\per_win\sane\h08_w20.pt
h08,21,test\per_win\sane\h08_w21.pt
h08,22,test\per_win\sane\h08_w22.pt
h08,23,test\per_win\sane\h08_w23.pt
h08,24,test\per_win\sane\h08_w24.pt
h08,25,test\per_win\sane\h08_w25.pt
h08,26,test\per_win\sane\h08_w26.pt
h08,27,test\per_win\sane\h08_w27.pt
h08,28,test\per_win\sane\h08_w28.pt
h08,29,test\per_win\sane\h08_w29.pt
h08,30,test\per_win\sane\h08_w30.pt
h08,31,test\per_win\sane\h08_w31.pt
h08,32,test\per_win\sane\h08_w32.pt
h08,33,test\per_win\sane\h08_w33.pt
h08,34,test\per_win\sane\h08_w34.pt
h08,35,test\per_win\sane\h08_w35.pt
h08,36,test\per_win\sane\h08_w36.pt
h08,37,test\per_win\sane\h08_w37.pt
h08,38,test\per_win\sane\h08_w38.pt
h08,39,test\per_win\sane\h08_w39.pt
h08,40,test\per_win\sane\h08_w40.pt
h08,41,test\per_win\sane\h08_w41.pt
h08,42,test\per_win\sane\h08_w42.pt
h08,43,test\per_win\sane\h08_w43.pt
h08,44,test\per_win\sane\h08_w44.pt
h08,45,test\per_win\sane\h08_w45.pt
h08,46,test\per_win\sane\h08_w46.pt
h08,47,test\per_win\sane\h08_w47.pt
h08,48,test\per_win\sane\h08_w48.pt
h08,49,test\per_win\sane\h08_w49.pt
h08,50,test\per_win\sane\h08_w50.pt
h08,51,test\per_win\sane\h08_w51.pt
h08,52,test\per_win\sane\h08_w52.pt
h08,53,test\per_win\sane\h08_w53.pt
h08,54,test\per_win\sane\h08_w54.pt
h08,55,test\per_win\sane\h08_w55.pt
h08,56,test\per_win\sane\h08_w56.pt
h08,57,test\per_win\sane\h08_w57.pt
h08,58,test\per_win\sane\h08_w58.pt
h08,59,test\per_win\sane\h08_w59.pt
h08,60,test\per_win\sane\h08_w60.pt
h08,61,test\per_win\sane\h08_w61.pt
h08,62,test\per_win\sane\h08_w62.pt
h08,63,test\per_win\sane\h08_w63.pt
h08,64,test\per_win\sane\h08_w64.pt
h09,1,test\per_win\sane\h09_w1.pt
h09,2,test\per_win\sane\h09_w2.pt
h09,3,test\per_win\sane\h09_w3.pt
h09,4,test\per_win\sane\h09_w4.pt
h09,5,test\per_win\sane\h09_w5.pt
h09,6,test\per_win\sane\h09_w6.pt
h09,7,test\per_win\sane\h09_w7.pt
h09,8,test\per_win\sane\h09_w8.pt
h09,9,test\per_win\sane\h09_w9.pt
h09,10,test\per_win\sane\h09_w10.pt
h09,11,test\per_win\sane\h09_w11.pt
h09,12,test\per_win\sane\h09_w12.pt
h09,13,test\per_win\sane\h09_w13.pt
h09,14,test\per_win\sane\h09_w14.pt
h09,15,test\per_win\sane\h09_w15.pt
h09,16,test\per_win\sane\h09_w16.pt
h09,17,test\per_win\sane\h09_w17.pt
h09,18,test\per_win\sane\h09_w18.pt
h09,19,test\per_win\sane\h09_w19.pt
h09,20,test\per_win\sane\h09_w20.pt
h09,21,test\per_win\sane\h09_w21.pt
h09,22,test\per_win\sane\h09_w22.pt
h09,23,test\per_win\sane\h09_w23.pt
h09,24,test\per_win\sane\h09_w24.pt
h09,25,test\per_win\sane\h09_w25.pt
h09,26,test\per_win\sane\h09_w26.pt
h09,27,test\per_win\sane\h09_w27.pt
h09,28,test\per_win\sane\h09_w28.pt
h09,29,test\per_win\sane\h09_w29.pt
h09,30,test\per_win\sane\h09_w30.pt
h09,31,test\per_win\sane\h09_w31.pt
h09,32,test\per_win\sane\h09_w32.pt
h09,33,test\per_win\sane\h09_w33.pt
h09,34,test\per_win\sane\h09_w34.pt
h09,35,test\per_win\sane\h09_w35.pt
h09,36,test\per_win\sane\h09_w36.pt
h09,37,test\per_win\sane\h09_w37.pt
h09,38,test\per_win\sane\h09_w38.pt
h09,39,test\per_win\sane\h09_w39.pt
h09,40,test\per_win\sane\h09_w40.pt
h09,41,test\per_win\sane\h09_w41.pt
h09,42,test\per_win\sane\h09_w42.pt
h09,43,test\per_win\sane\h09_w43.pt
h09,44,test\per_win\sane\h09_w44.pt
h09,45,test\per_win\sane\h09_w45.pt
h09,46,test\per_win\sane\h09_w46.pt
h09,47,test\per_win\sane\h09_w47.pt
h09,48,test\per_win\sane\h09_w48.pt
h09,49,test\per_win\sane\h09_w49.pt
h09,50,test\per_win\sane\h09_w50.pt
h09,51,test\per_win\sane\h09_w51.pt
h09,52,test\per_win\sane\h09_w52.pt
h09,53,test\per_win\sane\h09_w53.pt
h09,54,test\per_win\sane\h09_w54.pt
h09,55,test\per_win\sane\h09_w55.pt
h09,56,test\per_win\sane\h09_w56.pt
h09,57,test\per_win\sane\h09_w57.pt
h09,58,test\per_win\sane\h09_w58.pt
h09,59,test\per_win\sane\h09_w59.pt
h09,60,test\per_win\sane\h09_w60.pt
h09,61,test\per_win\sane\h09_w61.pt
h09,62,test\per_win\sane\h09_w62.pt
h09,63,test\per_win\sane\h09_w63.pt
h09,64,test\per_win\sane\h09_w64.pt
h10,1,test\per_win\sane\h10_w1.pt
h10,2,test\per_win\sane\h10_w2.pt
h10,3,test\per_win\sane\h10_w3.pt
h10,4,test\per_win\sane\h10_w4.pt
h10,5,test\per_win\sane\h10_w5.pt
h10,6,test\per_win\sane\h10_w6.pt
h10,7,test\per_win\sane\h10_w7.pt
h10,8,test\per_win\sane\h10_w8.pt
h10,9,test\per_win\sane\h10_w9.pt
h10,10,test\per_win\sane\h10_w10.pt
h10,11,test\per_win\sane\h10_w11.pt
h10,12,test\per_win\sane\h10_w12.pt
h10,13,test\per_win\sane\h10_w13.pt
h10,14,test\per_win\sane\h10_w14.pt
h10,15,test\per_win\sane\h10_w15.pt
h10,16,test\per_win\sane\h10_w16.pt
h10,17,test\per_win\sane\h10_w17.pt
h10,18,test\per_win\sane\h10_w18.pt
h10,19,test\per_win\sane\h10_w19.pt
h10,20,test\per_win\sane\h10_w20.pt
h10,21,test\per_win\sane\h10_w21.pt
h10,22,test\per_win\sane\h10_w22.pt
h10,23,test\per_win\sane\h10_w23.pt
h10,24,test\per_win\sane\h10_w24.pt
h10,25,test\per_win\sane\h10_w25.pt
h10,26,test\per_win\sane\h10_w26.pt
h10,27,test\per_win\sane\h10_w27.pt
h10,28,test\per_win\sane\h10_w28.pt
h10,29,test\per_win\sane\h10_w29.pt
h10,30,test\per_win\sane\h10_w30.pt
h10,31,test\per_win\sane\h10_w31.pt
h10,32,test\per_win\sane\h10_w32.pt
h10,33,test\per_win\sane\h10_w33.pt
h10,34,test\per_win\sane\h10_w34.pt
h10,35,test\per_win\sane\h10_w35.pt
h10,36,test\per_win\sane\h10_w36.pt
h10,37,test\per_win\sane\h10_w37.pt
h10,38,test\per_win\sane\h10_w38.pt
h10,39,test\per_win\sane\h10_w39.pt
h10,40,test\per_win\sane\h10_w40.pt
h10,41,test\per_win\sane\h10_w41.pt
h10,42,test\per_win\sane\h10_w42.pt
h10,43,test\per_win\sane\h10_w43.pt
h10,44,test\per_win\sane\h10_w44.pt
h10,45,test\per_win\sane\h10_w45.pt
h10,46,test\per_win\sane\h10_w46.pt
h10,47,test\per_win\sane\h10_w47.pt
h10,48,test\per_win\sane\h10_w48.pt
h10,49,test\per_win\sane\h10_w49.pt
h10,50,test\per_win\sane\h10_w50.pt
h10,51,test\per_win\sane\h10_w51.pt
h10,52,test\per_win\sane\h10_w52.pt
h10,53,test\per_win\sane\h10_w53.pt
h10,54,test\per_win\sane\h10_w54.pt
h10,55,test\per_win\sane\h10_w55.pt
h10,56,test\per_win\sane\h10_w56.pt
h10,57,test\per_win\sane\h10_w57.pt
h10,58,test\per_win\sane\h10_w58.pt
h10,59,test\per_win\sane\h10_w59.pt
h10,60,test\per_win\sane\h10_w60.pt
h10,61,test\per_win\sane\h10_w61.pt
h10,62,test\per_win\sane\h10_w62.pt
h10,63,test\per_win\sane\h10_w63.pt
h10,64,test\per_win\sane\h10_w64.pt
h11,1,test\per_win\sane\h11_w1.pt
h11,2,test\per_win\sane\h11_w2.pt
h11,3,test\per_win\sane\h11_w3.pt
h11,4,test\per_win\sane\h11_w4.pt
h11,5,test\per_win\sane\h11_w5.pt
h11,6,test\per_win\sane\h11_w6.pt
h11,7,test\per_win\sane\h11_w7.pt
h11,8,test\per_win\sane\h11_w8.pt
h11,9,test\per_win\sane\h11_w9.pt
h11,10,test\per_win\sane\h11_w10.pt
h11,11,test\per_win\sane\h11_w11.pt
h11,12,test\per_win\sane\h11_w12.pt
h11,13,test\per_win\sane\h11_w13.pt
h11,14,test\per_win\sane\h11_w14.pt
h11,15,test\per_win\sane\h11_w15.pt
h11,16,test\per_win\sane\h11_w16.pt
h11,17,test\per_win\sane\h11_w17.pt
h11,18,test\per_win\sane\h11_w18.pt
h11,19,test\per_win\sane\h11_w19.pt
h11,20,test\per_win\sane\h11_w20.pt
h11,21,test\per_win\sane\h11_w21.pt
h11,22,test\per_win\sane\h11_w22.pt
h11,23,test\per_win\sane\h11_w23.pt
h11,24,test\per_win\sane\h11_w24.pt
h11,25,test\per_win\sane\h11_w25.pt
h11,26,test\per_win\sane\h11_w26.pt
h11,27,test\per_win\sane\h11_w27.pt
h11,28,test\per_win\sane\h11_w28.pt
h11,29,test\per_win\sane\h11_w29.pt
h11,30,test\per_win\sane\h11_w30.pt
h11,31,test\per_win\sane\h11_w31.pt
h11,32,test\per_win\sane\h11_w32.pt
h11,33,test\per_win\sane\h11_w33.pt
h11,34,test\per_win\sane\h11_w34.pt
h11,35,test\per_win\sane\h11_w35.pt
h11,36,test\per_win\sane\h11_w36.pt
h11,37,test\per_win\sane\h11_w37.pt
h11,38,test\per_win\sane\h11_w38.pt
h11,39,test\per_win\sane\h11_w39.pt
h11,40,test\per_win\sane\h11_w40.pt
h11,41,test\per_win\sane\h11_w41.pt
h11,42,test\per_win\sane\h11_w42.pt
h11,43,test\per_win\sane\h11_w43.pt
h11,44,test\per_win\sane\h11_w44.pt
h11,45,test\per_win\sane\h11_w45.pt
h11,46,test\per_win\sane\h11_w46.pt
h11,47,test\per_win\sane\h11_w47.pt
h11,48,test\per_win\sane\h11_w48.pt
h11,49,test\per_win\sane\h11_w49.pt
h11,50,test\per_win\sane\h11_w50.pt
h11,51,test\per_win\sane\h11_w51.pt
h11,52,test\per_win\sane\h11_w52.pt
h11,53,test\per_win\sane\h11_w53.pt
h11,54,test\per_win\sane\h11_w54.pt
h11,55,test\per_win\sane\h11_w55.pt
h11,56,test\per_win\sane\h11_w56.pt
h11,57,test\per_win\sane\h11_w57.pt
h11,58,test\per_win\sane\h11_w58.pt
h11,59,test\per_win\sane\h11_w59.pt
h11,60,test\per_win\sane\h11_w60.pt
h11,61,test\per_win\sane\h11_w61.pt
h11,62,test\per_win\sane\h11_w62.pt
h11,63,test\per_win\sane\h11_w63.pt
h11,64,test\per_win\sane\h11_w64.pt
h12,1,test\per_win\sane\h12_w1.pt
h12,2,test\per_win\sane\h12_w2.pt
h12,3,test\per_win\sane\h12_w3.pt
h12,4,test\per_win\sane\h12_w4.pt
h12,5,test\per_win\sane\h12_w5.pt
h12,6,test\per_win\sane\h12_w6.pt
h12,7,test\per_win\sane\h12_w7.pt
h12,8,test\per_win\sane\h12_w8.pt
h12,9,test\per_win\sane\h12_w9.pt
h12,10,test\per_win\sane\h12_w10.pt
h12,11,test\per_win\sane\h12_w11.pt
h12,12,test\per_win\sane\h12_w12.pt
h12,13,test\per_win\sane\h12_w13.pt
h12,14,test\per_win\sane\h12_w14.pt
h12,15,test\per_win\sane\h12_w15.pt
h12,16,test\per_win\sane\h12_w16.pt
h12,17,test\per_win\sane\h12_w17.pt
h12,18,test\per_win\sane\h12_w18.pt
h12,19,test\per_win\sane\h12_w19.pt
h12,20,test\per_win\sane\h12_w20.pt
h12,21,test\per_win\sane\h12_w21.pt
h12,22,test\per_win\sane\h12_w22.pt
h12,23,test\per_win\sane\h12_w23.pt
h12,24,test\per_win\sane\h12_w24.pt
h12,25,test\per_win\sane\h12_w25.pt
h12,26,test\per_win\sane\h12_w26.pt
h12,27,test\per_win\sane\h12_w27.pt
h12,28,test\per_win\sane\h12_w28.pt
h12,29,test\per_win\sane\h12_w29.pt
h12,30,test\per_win\sane\h12_w30.pt
h12,31,test\per_win\sane\h12_w31.pt
h12,32,test\per_win\sane\h12_w32.pt
h12,33,test\per_win\sane\h12_w33.pt
h12,34,test\per_win\sane\h12_w34.pt
h12,35,test\per_win\sane\h12_w35.pt
h12,36,test\per_win\sane\h12_w36.pt
h12,37,test\per_win\sane\h12_w37.pt
h12,38,test\per_win\sane\h12_w38.pt
h12,39,test\per_win\sane\h12_w39.pt
h12,40,test\per_win\sane\h12_w40.pt
h12,41,test\per_win\sane\h12_w41.pt
h12,42,test\per_win\sane\h12_w42.pt
h12,43,test\per_win\sane\h12_w43.pt
h12,44,test\per_win\sane\h12_w44.pt
h12,45,test\per_win\sane\h12_w45.pt
h12,46,test\per_win\sane\h12_w46.pt
h12,47,test\per_win\sane\h12_w47.pt
h12,48,test\per_win\sane\h12_w48.pt
h12,49,test\per_win\sane\h12_w49.pt
h12,50,test\per_win\sane\h12_w50.pt
h12,51,test\per_win\sane\h12_w51.pt
h12,52,test\per_win\sane\h12_w52.pt
h12,53,test\per_win\sane\h12_w53.pt
h12,54,test\per_win\sane\h12_w54.pt
h12,55,test\per_win\sane\h12_w55.pt
h12,56,test\per_win\sane\h12_w56.pt
h12,57,test\per_win\sane\h12_w57.pt
h12,58,test\per_win\sane\h12_w58.pt
h12,59,test\per_win\sane\h12_w59.pt
h12,60,test\per_win\sane\h12_w60.pt
h12,61,test\per_win\sane\h12_w61.pt
h12,62,test\per_win\sane\h12_w62.pt
h12,63,test\per_win\sane\h12_w63.pt
h12,64,test\per_win\sane\h12_w64.pt
h13,1,test\per_win\sane\h13_w1.pt
h13,2,test\per_win\sane\h13_w2.pt
h13,3,test\per_win\sane\h13_w3.pt
h13,4,test\per_win\sane\h13_w4.pt
h13,5,test\per_win\sane\h13_w5.pt
h13,6,test\per_win\sane\h13_w6.pt
h13,7,test\per_win\sane\h13_w7.pt
h13,8,test\per_win\sane\h13_w8.pt
h13,9,test\per_win\sane\h13_w9.pt
h13,10,test\per_win\sane\h13_w10.pt
h13,11,test\per_win\sane\h13_w11.pt
h13,12,test\per_win\sane\h13_w12.pt
h13,13,test\per_win\sane\h13_w13.pt
h13,14,test\per_win\sane\h13_w14.pt
h13,15,test\per_win\sane\h13_w15.pt
h13,16,test\per_win\sane\h13_w16.pt
h13,17,test\per_win\sane\h13_w17.pt
h13,18,test\per_win\sane\h13_w18.pt
h13,19,test\per_win\sane\h13_w19.pt
h13,20,test\per_win\sane\h13_w20.pt
h13,21,test\per_win\sane\h13_w21.pt
h13,22,test\per_win\sane\h13_w22.pt
h13,23,test\per_win\sane\h13_w23.pt
h13,24,test\per_win\sane\h13_w24.pt
h13,25,test\per_win\sane\h13_w25.pt
h13,26,test\per_win\sane\h13_w26.pt
h13,27,test\per_win\sane\h13_w27.pt
h13,28,test\per_win\sane\h13_w28.pt
h13,29,test\per_win\sane\h13_w29.pt
h13,30,test\per_win\sane\h13_w30.pt
h13,31,test\per_win\sane\h13_w31.pt
h13,32,test\per_win\sane\h13_w32.pt
h13,33,test\per_win\sane\h13_w33.pt
h13,34,test\per_win\sane\h13_w34.pt
h13,35,test\per_win\sane\h13_w35.pt
h13,36,test\per_win\sane\h13_w36.pt
h13,37,test\per_win\sane\h13_w37.pt
h13,38,test\per_win\sane\h13_w38.pt
h13,39,test\per_win\sane\h13_w39.pt
h13,40,test\per_win\sane\h13_w40.pt
h13,41,test\per_win\sane\h13_w41.pt
h13,42,test\per_win\sane\h13_w42.pt
h13,43,test\per_win\sane\h13_w43.pt
h13,44,test\per_win\sane\h13_w44.pt
h13,45,test\per_win\sane\h13_w45.pt
h13,46,test\per_win\sane\h13_w46.pt
h13,47,test\per_win\sane\h13_w47.pt
h13,48,test\per_win\sane\h13_w48.pt
h13,49,test\per_win\sane\h13_w49.pt
h13,50,test\per_win\sane\h13_w50.pt
h13,51,test\per_win\sane\h13_w51.pt
h13,52,test\per_win\sane\h13_w52.pt
h13,53,test\per_win\sane\h13_w53.pt
h13,54,test\per_win\sane\h13_w54.pt
h13,55,test\per_win\sane\h13_w55.pt
h13,56,test\per_win\sane\h13_w56.pt
h13,57,test\per_win\sane\h13_w57.pt
h13,58,test\per_win\sane\h13_w58.pt
h13,59,test\per_win\sane\h13_w59.pt
h13,60,test\per_win\sane\h13_w60.pt
h13,61,test\per_win\sane\h13_w61.pt
h13,62,test\per_win\sane\h13_w62.pt
h13,63,test\per_win\sane\h13_w63.pt
h13,64,test\per_win\sane\h13_w64.pt
h14,1,test\per_win\sane\h14_w1.pt
h14,2,test\per_win\sane\h14_w2.pt
h14,3,test\per_win\sane\h14_w3.pt
h14,4,test\per_win\sane\h14_w4.pt
h14,5,test\per_win\sane\h14_w5.pt
h14,6,test\per_win\sane\h14_w6.pt
h14,7,test\per_win\sane\h14_w7.pt
h14,8,test\per_win\sane\h14_w8.pt
h14,9,test\per_win\sane\h14_w9.pt
h14,10,test\per_win\sane\h14_w10.pt
h14,11,test\per_win\sane\h14_w11.pt
h14,12,test\per_win\sane\h14_w12.pt
h14,13,test\per_win\sane\h14_w13.pt
h14,14,test\per_win\sane\h14_w14.pt
h14,15,test\per_win\sane\h14_w15.pt
h14,16,test\per_win\sane\h14_w16.pt
h14,17,test\per_win\sane\h14_w17.pt
h14,18,test\per_win\sane\h14_w18.pt
h14,19,test\per_win\sane\h14_w19.pt
h14,20,test\per_win\sane\h14_w20.pt
h14,21,test\per_win\sane\h14_w21.pt
h14,22,test\per_win\sane\h14_w22.pt
h14,23,test\per_win\sane\h14_w23.pt
h14,24,test\per_win\sane\h14_w24.pt
h14,25,test\per_win\sane\h14_w25.pt
h14,26,test\per_win\sane\h14_w26.pt
h14,27,test\per_win\sane\h14_w27.pt
h14,28,test\per_win\sane\h14_w28.pt
h14,29,test\per_win\sane\h14_w29.pt
h14,30,test\per_win\sane\h14_w30.pt
h14,31,test\per_win\sane\h14_w31.pt
h14,32,test\per_win\sane\h14_w32.pt
h14,33,test\per_win\sane\h14_w33.pt
h14,34,test\per_win\sane\h14_w34.pt
h14,35,test\per_win\sane\h14_w35.pt
h14,36,test\per_win\sane\h14_w36.pt
h14,37,test\per_win\sane\h14_w37.pt
h14,38,test\per_win\sane\h14_w38.pt
h14,39,test\per_win\sane\h14_w39.pt
h14,40,test\per_win\sane\h14_w40.pt
h14,41,test\per_win\sane\h14_w41.pt
h14,42,test\per_win\sane\h14_w42.pt
h14,43,test\per_win\sane\h14_w43.pt
h14,44,test\per_win\sane\h14_w44.pt
h14,45,test\per_win\sane\h14_w45.pt
h14,46,test\per_win\sane\h14_w46.pt
h14,47,test\per_win\sane\h14_w47.pt
h14,48,test\per_win\sane\h14_w48.pt
h14,49,test\per_win\sane\h14_w49.pt
h14,50,test\per_win\sane\h14_w50.pt
h14,51,test\per_win\sane\h14_w51.pt
h14,52,test\per_win\sane\h14_w52.pt
h14,53,test\per_win\sane\h14_w53.pt
h14,54,test\per_win\sane\h14_w54.pt
h14,55,test\per_win\sane\h14_w55.pt
h14,56,test\per_win\sane\h14_w56.pt
h14,57,test\per_win\sane\h14_w57.pt
h14,58,test\per_win\sane\h14_w58.pt
h14,59,test\per_win\sane\h14_w59.pt
h14,60,test\per_win\sane\h14_w60.pt
h14,61,test\per_win\sane\h14_w61.pt
h14,62,test\per_win\sane\h14_w62.pt
h14,63,test\per_win\sane\h14_w63.pt
h14,64,test\per_win\sane\h14_w64.pt
s01,1,test\per_win\abnormal\s01_w1.pt
s01,2,test\per_win\abnormal\s01_w2.pt
s01,3,test\per_win\abnormal\s01_w3.pt
s01,4,test\per_win\abnormal\s01_w4.pt
s01,5,test\per_win\abnormal\s01_w5.pt
s01,6,test\per_win\abnormal\s01_w6.pt
s01,7,test\per_win\abnormal\s01_w7.pt
s01,8,test\per_win\abnormal\s01_w8.pt
s01,9,test\per_win\abnormal\s01_w9.pt
s01,10,test\per_win\abnormal\s01_w10.pt
s01,11,test\per_win\abnormal\s01_w11.pt
s01,12,test\per_win\abnormal\s01_w12.pt
s01,13,test\per_win\abnormal\s01_w13.pt
s01,14,test\per_win\abnormal\s01_w14.pt
s01,15,test\per_win\abnormal\s01_w15.pt
s01,16,test\per_win\abnormal\s01_w16.pt
s01,17,test\per_win\abnormal\s01_w17.pt
s01,18,test\per_win\abnormal\s01_w18.pt
s01,19,test\per_win\abnormal\s01_w19.pt
s01,20,test\per_win\abnormal\s01_w20.pt
s01,21,test\per_win\abnormal\s01_w21.pt
s01,22,test\per_win\abnormal\s01_w22.pt
s01,23,test\per_win\abnormal\s01_w23.pt
s01,24,test\per_win\abnormal\s01_w24.pt
s01,25,test\per_win\abnormal\s01_w25.pt
s01,26,test\per_win\abnormal\s01_w26.pt
s01,27,test\per_win\abnormal\s01_w27.pt
s01,28,test\per_win\abnormal\s01_w28.pt
s01,29,test\per_win\abnormal\s01_w29.pt
s01,30,test\per_win\abnormal\s01_w30.pt
s01,31,test\per_win\abnormal\s01_w31.pt
s01,32,test\per_win\abnormal\s01_w32.pt
s01,33,test\per_win\abnormal\s01_w33.pt
s01,34,test\per_win\abnormal\s01_w34.pt
s01,35,test\per_win\abnormal\s01_w35.pt
s01,36,test\per_win\abnormal\s01_w36.pt
s01,37,test\per_win\abnormal\s01_w37.pt
s01,38,test\per_win\abnormal\s01_w38.pt
s01,39,test\per_win\abnormal\s01_w39.pt
s01,40,test\per_win\abnormal\s01_w40.pt
s01,41,test\per_win\abnormal\s01_w41.pt
s01,42,test\per_win\abnormal\s01_w42.pt
s01,43,test\per_win\abnormal\s01_w43.pt
s01,44,test\per_win\abnormal\s01_w44.pt
s01,45,test\per_win\abnormal\s01_w45.pt
s01,46,test\per_win\abnormal\s01_w46.pt
s01,47,test\per_win\abnormal\s01_w47.pt
s01,48,test\per_win\abnormal\s01_w48.pt
s01,49,test\per_win\abnormal\s01_w49.pt
s01,50,test\per_win\abnormal\s01_w50.pt
s01,51,test\per_win\abnormal\s01_w51.pt
s01,52,test\per_win\abnormal\s01_w52.pt
s01,53,test\per_win\abnormal\s01_w53.pt
s01,54,test\per_win\abnormal\s01_w54.pt
s01,55,test\per_win\abnormal\s01_w55.pt
s01,56,test\per_win\abnormal\s01_w56.pt
s01,57,test\per_win\abnormal\s01_w57.pt
s01,58,test\per_win\abnormal\s01_w58.pt
s01,59,test\per_win\abnormal\s01_w59.pt
s01,60,test\per_win\abnormal\s01_w60.pt
s01,61,test\per_win\abnormal\s01_w61.pt
s01,62,test\per_win\abnormal\s01_w62.pt
s01,63,test\per_win\abnormal\s01_w63.pt
s01,64,test\per_win\abnormal\s01_w64.pt
s02,1,test\per_win\abnormal\s02_w1.pt
s02,2,test\per_win\abnormal\s02_w2.pt
s02,3,test\per_win\abnormal\s02_w3.pt
s02,4,test\per_win\abnormal\s02_w4.pt
s02,5,test\per_win\abnormal\s02_w5.pt
s02,6,test\per_win\abnormal\s02_w6.pt
s02,7,test\per_win\abnormal\s02_w7.pt
s02,8,test\per_win\abnormal\s02_w8.pt
s02,9,test\per_win\abnormal\s02_w9.pt
s02,10,test\per_win\abnormal\s02_w10.pt
s02,11,test\per_win\abnormal\s02_w11.pt
s02,12,test\per_win\abnormal\s02_w12.pt
s02,13,test\per_win\abnormal\s02_w13.pt
s02,14,test\per_win\abnormal\s02_w14.pt
s02,15,test\per_win\abnormal\s02_w15.pt
s02,16,test\per_win\abnormal\s02_w16.pt
s02,17,test\per_win\abnormal\s02_w17.pt
s02,18,test\per_win\abnormal\s02_w18.pt
s02,19,test\per_win\abnormal\s02_w19.pt
s02,20,test\per_win\abnormal\s02_w20.pt
s02,21,test\per_win\abnormal\s02_w21.pt
s02,22,test\per_win\abnormal\s02_w22.pt
s02,23,test\per_win\abnormal\s02_w23.pt
s02,24,test\per_win\abnormal\s02_w24.pt
s02,25,test\per_win\abnormal\s02_w25.pt
s02,26,test\per_win\abnormal\s02_w26.pt
s02,27,test\per_win\abnormal\s02_w27.pt
s02,28,test\per_win\abnormal\s02_w28.pt
s02,29,test\per_win\abnormal\s02_w29.pt
s02,30,test\per_win\abnormal\s02_w30.pt
s02,31,test\per_win\abnormal\s02_w31.pt
s02,32,test\per_win\abnormal\s02_w32.pt
s02,33,test\per_win\abnormal\s02_w33.pt
s02,34,test\per_win\abnormal\s02_w34.pt
s02,35,test\per_win\abnormal\s02_w35.pt
s02,36,test\per_win\abnormal\s02_w36.pt
s02,37,test\per_win\abnormal\s02_w37.pt
s02,38,test\per_win\abnormal\s02_w38.pt
s02,39,test\per_win\abnormal\s02_w39.pt
s02,40,test\per_win\abnormal\s02_w40.pt
s02,41,test\per_win\abnormal\s02_w41.pt
s02,42,test\per_win\abnormal\s02_w42.pt
s02,43,test\per_win\abnormal\s02_w43.pt
s02,44,test\per_win\abnormal\s02_w44.pt
s02,45,test\per_win\abnormal\s02_w45.pt
s02,46,test\per_win\abnormal\s02_w46.pt
s02,47,test\per_win\abnormal\s02_w47.pt
s02,48,test\per_win\abnormal\s02_w48.pt
s02,49,test\per_win\abnormal\s02_w49.pt
s02,50,test\per_win\abnormal\s02_w50.pt
s02,51,test\per_win\abnormal\s02_w51.pt
s02,52,test\per_win\abnormal\s02_w52.pt
s02,53,test\per_win\abnormal\s02_w53.pt
s02,54,test\per_win\abnormal\s02_w54.pt
s02,55,test\per_win\abnormal\s02_w55.pt
s02,56,test\per_win\abnormal\s02_w56.pt
s02,57,test\per_win\abnormal\s02_w57.pt
s02,58,test\per_win\abnormal\s02_w58.pt
s02,59,test\per_win\abnormal\s02_w59.pt
s02,60,test\per_win\abnormal\s02_w60.pt
s02,61,test\per_win\abnormal\s02_w61.pt
s02,62,test\per_win\abnormal\s02_w62.pt
s02,63,test\per_win\abnormal\s02_w63.pt
s02,64,test\per_win\abnormal\s02_w64.pt
s03,1,test\per_win\abnormal\s03_w1.pt
s03,2,test\per_win\abnormal\s03_w2.pt
s03,3,test\per_win\abnormal\s03_w3.pt
s03,4,test\per_win\abnormal\s03_w4.pt
s03,5,test\per_win\abnormal\s03_w5.pt
s03,6,test\per_win\abnormal\s03_w6.pt
s03,7,test\per_win\abnormal\s03_w7.pt
s03,8,test\per_win\abnormal\s03_w8.pt
s03,9,test\per_win\abnormal\s03_w9.pt
s03,10,test\per_win\abnormal\s03_w10.pt
s03,11,test\per_win\abnormal\s03_w11.pt
s03,12,test\per_win\abnormal\s03_w12.pt
s03,13,test\per_win\abnormal\s03_w13.pt
s03,14,test\per_win\abnormal\s03_w14.pt
s03,15,test\per_win\abnormal\s03_w15.pt
s03,16,test\per_win\abnormal\s03_w16.pt
s03,17,test\per_win\abnormal\s03_w17.pt
s03,18,test\per_win\abnormal\s03_w18.pt
s03,19,test\per_win\abnormal\s03_w19.pt
s03,20,test\per_win\abnormal\s03_w20.pt
s03,21,test\per_win\abnormal\s03_w21.pt
s03,22,test\per_win\abnormal\s03_w22.pt
s03,23,test\per_win\abnormal\s03_w23.pt
s03,24,test\per_win\abnormal\s03_w24.pt
s03,25,test\per_win\abnormal\s03_w25.pt
s03,26,test\per_win\abnormal\s03_w26.pt
s03,27,test\per_win\abnormal\s03_w27.pt
s03,28,test\per_win\abnormal\s03_w28.pt
s03,29,test\per_win\abnormal\s03_w29.pt
s03,30,test\per_win\abnormal\s03_w30.pt
s03,31,test\per_win\abnormal\s03_w31.pt
s03,32,test\per_win\abnormal\s03_w32.pt
s03,33,test\per_win\abnormal\s03_w33.pt
s03,34,test\per_win\abnormal\s03_w34.pt
s03,35,test\per_win\abnormal\s03_w35.pt
s03,36,test\per_win\abnormal\s03_w36.pt
s03,37,test\per_win\abnormal\s03_w37.pt
s03,38,test\per_win\abnormal\s03_w38.pt
s03,39,test\per_win\abnormal\s03_w39.pt
s03,40,test\per_win\abnormal\s03_w40.pt
s03,41,test\per_win\abnormal\s03_w41.pt
s03,42,test\per_win\abnormal\s03_w42.pt
s03,43,test\per_win\abnormal\s03_w43.pt
s03,44,test\per_win\abnormal\s03_w44.pt
s03,45,test\per_win\abnormal\s03_w45.pt
s03,46,test\per_win\abnormal\s03_w46.pt
s03,47,test\per_win\abnormal\s03_w47.pt
s03,48,test\per_win\abnormal\s03_w48.pt
s03,49,test\per_win\abnormal\s03_w49.pt
s03,50,test\per_win\abnormal\s03_w50.pt
s03,51,test\per_win\abnormal\s03_w51.pt
s03,52,test\per_win\abnormal\s03_w52.pt
s03,53,test\per_win\abnormal\s03_w53.pt
s03,54,test\per_win\abnormal\s03_w54.pt
s03,55,test\per_win\abnormal\s03_w55.pt
s03,56,test\per_win\abnormal\s03_w56.pt
s03,57,test\per_win\abnormal\s03_w57.pt
s03,58,test\per_win\abnormal\s03_w58.pt
s03,59,test\per_win\abnormal\s03_w59.pt
s03,60,test\per_win\abnormal\s03_w60.pt
s03,61,test\per_win\abnormal\s03_w61.pt
s03,62,test\per_win\abnormal\s03_w62.pt
s03,63,test\per_win\abnormal\s03_w63.pt
s03,64,test\per_win\abnormal\s03_w64.pt
s04,1,test\per_win\abnormal\s04_w1.pt
s04,2,test\per_win\abnormal\s04_w2.pt
s04,3,test\per_win\abnormal\s04_w3.pt
s04,4,test\per_win\abnormal\s04_w4.pt
s04,5,test\per_win\abnormal\s04_w5.pt
s04,6,test\per_win\abnormal\s04_w6.pt
s04,7,test\per_win\abnormal\s04_w7.pt
s04,8,test\per_win\abnormal\s04_w8.pt
s04,9,test\per_win\abnormal\s04_w9.pt
s04,10,test\per_win\abnormal\s04_w10.pt
s04,11,test\per_win\abnormal\s04_w11.pt
s04,12,test\per_win\abnormal\s04_w12.pt
s04,13,test\per_win\abnormal\s04_w13.pt
s04,14,test\per_win\abnormal\s04_w14.pt
s04,15,test\per_win\abnormal\s04_w15.pt
s04,16,test\per_win\abnormal\s04_w16.pt
s04,17,test\per_win\abnormal\s04_w17.pt
s04,18,test\per_win\abnormal\s04_w18.pt
s04,19,test\per_win\abnormal\s04_w19.pt
s04,20,test\per_win\abnormal\s04_w20.pt
s04,21,test\per_win\abnormal\s04_w21.pt
s04,22,test\per_win\abnormal\s04_w22.pt
s04,23,test\per_win\abnormal\s04_w23.pt
s04,24,test\per_win\abnormal\s04_w24.pt
s04,25,test\per_win\abnormal\s04_w25.pt
s04,26,test\per_win\abnormal\s04_w26.pt
s04,27,test\per_win\abnormal\s04_w27.pt
s04,28,test\per_win\abnormal\s04_w28.pt
s04,29,test\per_win\abnormal\s04_w29.pt
s04,30,test\per_win\abnormal\s04_w30.pt
s04,31,test\per_win\abnormal\s04_w31.pt
s04,32,test\per_win\abnormal\s04_w32.pt
s04,33,test\per_win\abnormal\s04_w33.pt
s04,34,test\per_win\abnormal\s04_w34.pt
s04,35,test\per_win\abnormal\s04_w35.pt
s04,36,test\per_win\abnormal\s04_w36.pt
s04,37,test\per_win\abnormal\s04_w37.pt
s04,38,test\per_win\abnormal\s04_w38.pt
s04,39,test\per_win\abnormal\s04_w39.pt
s04,40,test\per_win\abnormal\s04_w40.pt
s04,41,test\per_win\abnormal\s04_w41.pt
s04,42,test\per_win\abnormal\s04_w42.pt
s04,43,test\per_win\abnormal\s04_w43.pt
s04,44,test\per_win\abnormal\s04_w44.pt
s04,45,test\per_win\abnormal\s04_w45.pt
s04,46,test\per_win\abnormal\s04_w46.pt
s04,47,test\per_win\abnormal\s04_w47.pt
s04,48,test\per_win\abnormal\s04_w48.pt
s04,49,test\per_win\abnormal\s04_w49.pt
s04,50,test\per_win\abnormal\s04_w50.pt
s04,51,test\per_win\abnormal\s04_w51.pt
s04,52,test\per_win\abnormal\s04_w52.pt
s04,53,test\per_win\abnormal\s04_w53.pt
s04,54,test\per_win\abnormal\s04_w54.pt
s04,55,test\per_win\abnormal\s04_w55.pt
s04,56,test\per_win\abnormal\s04_w56.pt
s04,57,test\per_win\abnormal\s04_w57.pt
s04,58,test\per_win\abnormal\s04_w58.pt
s04,59,test\per_win\abnormal\s04_w59.pt
s04,60,test\per_win\abnormal\s04_w60.pt
s04,61,test\per_win\abnormal\s04_w61.pt
s04,62,test\per_win\abnormal\s04_w62.pt
s04,63,test\per_win\abnormal\s04_w63.pt
s04,64,test\per_win\abnormal\s04_w64.pt
s05,1,test\per_win\abnormal\s05_w1.pt
s05,2,test\per_win\abnormal\s05_w2.pt
s05,3,test\per_win\abnormal\s05_w3.pt
s05,4,test\per_win\abnormal\s05_w4.pt
s05,5,test\per_win\abnormal\s05_w5.pt
s05,6,test\per_win\abnormal\s05_w6.pt
s05,7,test\per_win\abnormal\s05_w7.pt
s05,8,test\per_win\abnormal\s05_w8.pt
s05,9,test\per_win\abnormal\s05_w9.pt
s05,10,test\per_win\abnormal\s05_w10.pt
s05,11,test\per_win\abnormal\s05_w11.pt
s05,12,test\per_win\abnormal\s05_w12.pt
s05,13,test\per_win\abnormal\s05_w13.pt
s05,14,test\per_win\abnormal\s05_w14.pt
s05,15,test\per_win\abnormal\s05_w15.pt
s05,16,test\per_win\abnormal\s05_w16.pt
s05,17,test\per_win\abnormal\s05_w17.pt
s05,18,test\per_win\abnormal\s05_w18.pt
s05,19,test\per_win\abnormal\s05_w19.pt
s05,20,test\per_win\abnormal\s05_w20.pt
s05,21,test\per_win\abnormal\s05_w21.pt
s05,22,test\per_win\abnormal\s05_w22.pt
s05,23,test\per_win\abnormal\s05_w23.pt
s05,24,test\per_win\abnormal\s05_w24.pt
s05,25,test\per_win\abnormal\s05_w25.pt
s05,26,test\per_win\abnormal\s05_w26.pt
s05,27,test\per_win\abnormal\s05_w27.pt
s05,28,test\per_win\abnormal\s05_w28.pt
s05,29,test\per_win\abnormal\s05_w29.pt
s05,30,test\per_win\abnormal\s05_w30.pt
s05,31,test\per_win\abnormal\s05_w31.pt
s05,32,test\per_win\abnormal\s05_w32.pt
s05,33,test\per_win\abnormal\s05_w33.pt
s05,34,test\per_win\abnormal\s05_w34.pt
s05,35,test\per_win\abnormal\s05_w35.pt
s05,36,test\per_win\abnormal\s05_w36.pt
s05,37,test\per_win\abnormal\s05_w37.pt
s05,38,test\per_win\abnormal\s05_w38.pt
s05,39,test\per_win\abnormal\s05_w39.pt
s05,40,test\per_win\abnormal\s05_w40.pt
s05,41,test\per_win\abnormal\s05_w41.pt
s05,42,test\per_win\abnormal\s05_w42.pt
s05,43,test\per_win\abnormal\s05_w43.pt
s05,44,test\per_win\abnormal\s05_w44.pt
s05,45,test\per_win\abnormal\s05_w45.pt
s05,46,test\per_win\abnormal\s05_w46.pt
s05,47,test\per_win\abnormal\s05_w47.pt
s05,48,test\per_win\abnormal\s05_w48.pt
s05,49,test\per_win\abnormal\s05_w49.pt
s05,50,test\per_win\abnormal\s05_w50.pt
s05,51,test\per_win\abnormal\s05_w51.pt
s05,52,test\per_win\abnormal\s05_w52.pt
s05,53,test\per_win\abnormal\s05_w53.pt
s05,54,test\per_win\abnormal\s05_w54.pt
s05,55,test\per_win\abnormal\s05_w55.pt
s05,56,test\per_win\abnormal\s05_w56.pt
s05,57,test\per_win\abnormal\s05_w57.pt
s05,58,test\per_win\abnormal\s05_w58.pt
s05,59,test\per_win\abnormal\s05_w59.pt
s05,60,test\per_win\abnormal\s05_w60.pt
s05,61,test\per_win\abnormal\s05_w61.pt
s05,62,test\per_win\abnormal\s05_w62.pt
s05,63,test\per_win\abnormal\s05_w63.pt
s05,64,test\per_win\abnormal\s05_w64.pt
s06,1,test\per_win\abnormal\s06_w1.pt
s06,2,test\per_win\abnormal\s06_w2.pt
s06,3,test\per_win\abnormal\s06_w3.pt
s06,4,test\per_win\abnormal\s06_w4.pt
s06,5,test\per_win\abnormal\s06_w5.pt
s06,6,test\per_win\abnormal\s06_w6.pt
s06,7,test\per_win\abnormal\s06_w7.pt
s06,8,test\per_win\abnormal\s06_w8.pt
s06,9,test\per_win\abnormal\s06_w9.pt
s06,10,test\per_win\abnormal\s06_w10.pt
s06,11,test\per_win\abnormal\s06_w11.pt
s06,12,test\per_win\abnormal\s06_w12.pt
s06,13,test\per_win\abnormal\s06_w13.pt
s06,14,test\per_win\abnormal\s06_w14.pt
s06,15,test\per_win\abnormal\s06_w15.pt
s06,16,test\per_win\abnormal\s06_w16.pt
s06,17,test\per_win\abnormal\s06_w17.pt
s06,18,test\per_win\abnormal\s06_w18.pt
s06,19,test\per_win\abnormal\s06_w19.pt
s06,20,test\per_win\abnormal\s06_w20.pt
s06,21,test\per_win\abnormal\s06_w21.pt
s06,22,test\per_win\abnormal\s06_w22.pt
s06,23,test\per_win\abnormal\s06_w23.pt
s06,24,test\per_win\abnormal\s06_w24.pt
s06,25,test\per_win\abnormal\s06_w25.pt
s06,26,test\per_win\abnormal\s06_w26.pt
s06,27,test\per_win\abnormal\s06_w27.pt
s06,28,test\per_win\abnormal\s06_w28.pt
s06,29,test\per_win\abnormal\s06_w29.pt
s06,30,test\per_win\abnormal\s06_w30.pt
s06,31,test\per_win\abnormal\s06_w31.pt
s06,32,test\per_win\abnormal\s06_w32.pt
s06,33,test\per_win\abnormal\s06_w33.pt
s06,34,test\per_win\abnormal\s06_w34.pt
s06,35,test\per_win\abnormal\s06_w35.pt
s06,36,test\per_win\abnormal\s06_w36.pt
s06,37,test\per_win\abnormal\s06_w37.pt
s06,38,test\per_win\abnormal\s06_w38.pt
s06,39,test\per_win\abnormal\s06_w39.pt
s06,40,test\per_win\abnormal\s06_w40.pt
s06,41,test\per_win\abnormal\s06_w41.pt
s06,42,test\per_win\abnormal\s06_w42.pt
s06,43,test\per_win\abnormal\s06_w43.pt
s06,44,test\per_win\abnormal\s06_w44.pt
s06,45,test\per_win\abnormal\s06_w45.pt
s06,46,test\per_win\abnormal\s06_w46.pt
s06,47,test\per_win\abnormal\s06_w47.pt
s06,48,test\per_win\abnormal\s06_w48.pt
s06,49,test\per_win\abnormal\s06_w49.pt
s06,50,test\per_win\abnormal\s06_w50.pt
s06,51,test\per_win\abnormal\s06_w51.pt
s06,52,test\per_win\abnormal\s06_w52.pt
s06,53,test\per_win\abnormal\s06_w53.pt
s06,54,test\per_win\abnormal\s06_w54.pt
s06,55,test\per_win\abnormal\s06_w55.pt
s06,56,test\per_win\abnormal\s06_w56.pt
s06,57,test\per_win\abnormal\s06_w57.pt
s06,58,test\per_win\abnormal\s06_w58.pt
s06,59,test\per_win\abnormal\s06_w59.pt
s06,60,test\per_win\abnormal\s06_w60.pt
s06,61,test\per_win\abnormal\s06_w61.pt
s06,62,test\per_win\abnormal\s06_w62.pt
s06,63,test\per_win\abnormal\s06_w63.pt
s06,64,test\per_win\abnormal\s06_w64.pt
s07,1,test\per_win\abnormal\s07_w1.pt
s07,2,test\per_win\abnormal\s07_w2.pt
s07,3,test\per_win\abnormal\s07_w3.pt
s07,4,test\per_win\abnormal\s07_w4.pt
s07,5,test\per_win\abnormal\s07_w5.pt
s07,6,test\per_win\abnormal\s07_w6.pt
s07,7,test\per_win\abnormal\s07_w7.pt
s07,8,test\per_win\abnormal\s07_w8.pt
s07,9,test\per_win\abnormal\s07_w9.pt
s07,10,test\per_win\abnormal\s07_w10.pt
s07,11,test\per_win\abnormal\s07_w11.pt
s07,12,test\per_win\abnormal\s07_w12.pt
s07,13,test\per_win\abnormal\s07_w13.pt
s07,14,test\per_win\abnormal\s07_w14.pt
s07,15,test\per_win\abnormal\s07_w15.pt
s07,16,test\per_win\abnormal\s07_w16.pt
s07,17,test\per_win\abnormal\s07_w17.pt
s07,18,test\per_win\abnormal\s07_w18.pt
s07,19,test\per_win\abnormal\s07_w19.pt
s07,20,test\per_win\abnormal\s07_w20.pt
s07,21,test\per_win\abnormal\s07_w21.pt
s07,22,test\per_win\abnormal\s07_w22.pt
s07,23,test\per_win\abnormal\s07_w23.pt
s07,24,test\per_win\abnormal\s07_w24.pt
s07,25,test\per_win\abnormal\s07_w25.pt
s07,26,test\per_win\abnormal\s07_w26.pt
s07,27,test\per_win\abnormal\s07_w27.pt
s07,28,test\per_win\abnormal\s07_w28.pt
s07,29,test\per_win\abnormal\s07_w29.pt
s07,30,test\per_win\abnormal\s07_w30.pt
s07,31,test\per_win\abnormal\s07_w31.pt
s07,32,test\per_win\abnormal\s07_w32.pt
s07,33,test\per_win\abnormal\s07_w33.pt
s07,34,test\per_win\abnormal\s07_w34.pt
s07,35,test\per_win\abnormal\s07_w35.pt
s07,36,test\per_win\abnormal\s07_w36.pt
s07,37,test\per_win\abnormal\s07_w37.pt
s07,38,test\per_win\abnormal\s07_w38.pt
s07,39,test\per_win\abnormal\s07_w39.pt
s07,40,test\per_win\abnormal\s07_w40.pt
s07,41,test\per_win\abnormal\s07_w41.pt
s07,42,test\per_win\abnormal\s07_w42.pt
s07,43,test\per_win\abnormal\s07_w43.pt
s07,44,test\per_win\abnormal\s07_w44.pt
s07,45,test\per_win\abnormal\s07_w45.pt
s07,46,test\per_win\abnormal\s07_w46.pt
s07,47,test\per_win\abnormal\s07_w47.pt
s07,48,test\per_win\abnormal\s07_w48.pt
s07,49,test\per_win\abnormal\s07_w49.pt
s07,50,test\per_win\abnormal\s07_w50.pt
s07,51,test\per_win\abnormal\s07_w51.pt
s07,52,test\per_win\abnormal\s07_w52.pt
s07,53,test\per_win\abnormal\s07_w53.pt
s07,54,test\per_win\abnormal\s07_w54.pt
s07,55,test\per_win\abnormal\s07_w55.pt
s07,56,test\per_win\abnormal\s07_w56.pt
s07,57,test\per_win\abnormal\s07_w57.pt
s07,58,test\per_win\abnormal\s07_w58.pt
s07,59,test\per_win\abnormal\s07_w59.pt
s07,60,test\per_win\abnormal\s07_w60.pt
s07,61,test\per_win\abnormal\s07_w61.pt
s07,62,test\per_win\abnormal\s07_w62.pt
s07,63,test\per_win\abnormal\s07_w63.pt
s07,64,test\per_win\abnormal\s07_w64.pt
s08,1,test\per_win\abnormal\s08_w1.pt
s08,2,test\per_win\abnormal\s08_w2.pt
s08,3,test\per_win\abnormal\s08_w3.pt
s08,4,test\per_win\abnormal\s08_w4.pt
s08,5,test\per_win\abnormal\s08_w5.pt
s08,6,test\per_win\abnormal\s08_w6.pt
s08,7,test\per_win\abnormal\s08_w7.pt
s08,8,test\per_win\abnormal\s08_w8.pt
s08,9,test\per_win\abnormal\s08_w9.pt
s08,10,test\per_win\abnormal\s08_w10.pt
s08,11,test\per_win\abnormal\s08_w11.pt
s08,12,test\per_win\abnormal\s08_w12.pt
s08,13,test\per_win\abnormal\s08_w13.pt
s08,14,test\per_win\abnormal\s08_w14.pt
s08,15,test\per_win\abnormal\s08_w15.pt
s08,16,test\per_win\abnormal\s08_w16.pt
s08,17,test\per_win\abnormal\s08_w17.pt
s08,18,test\per_win\abnormal\s08_w18.pt
s08,19,test\per_win\abnormal\s08_w19.pt
s08,20,test\per_win\abnormal\s08_w20.pt
s08,21,test\per_win\abnormal\s08_w21.pt
s08,22,test\per_win\abnormal\s08_w22.pt
s08,23,test\per_win\abnormal\s08_w23.pt
s08,24,test\per_win\abnormal\s08_w24.pt
s08,25,test\per_win\abnormal\s08_w25.pt
s08,26,test\per_win\abnormal\s08_w26.pt
s08,27,test\per_win\abnormal\s08_w27.pt
s08,28,test\per_win\abnormal\s08_w28.pt
s08,29,test\per_win\abnormal\s08_w29.pt
s08,30,test\per_win\abnormal\s08_w30.pt
s08,31,test\per_win\abnormal\s08_w31.pt
s08,32,test\per_win\abnormal\s08_w32.pt
s08,33,test\per_win\abnormal\s08_w33.pt
s08,34,test\per_win\abnormal\s08_w34.pt
s08,35,test\per_win\abnormal\s08_w35.pt
s08,36,test\per_win\abnormal\s08_w36.pt
s08,37,test\per_win\abnormal\s08_w37.pt
s08,38,test\per_win\abnormal\s08_w38.pt
s08,39,test\per_win\abnormal\s08_w39.pt
s08,40,test\per_win\abnormal\s08_w40.pt
s08,41,test\per_win\abnormal\s08_w41.pt
s08,42,test\per_win\abnormal\s08_w42.pt
s08,43,test\per_win\abnormal\s08_w43.pt
s08,44,test\per_win\abnormal\s08_w44.pt
s08,45,test\per_win\abnormal\s08_w45.pt
s08,46,test\per_win\abnormal\s08_w46.pt
s08,47,test\per_win\abnormal\s08_w47.pt
s08,48,test\per_win\abnormal\s08_w48.pt
s08,49,test\per_win\abnormal\s08_w49.pt
s08,50,test\per_win\abnormal\s08_w50.pt
s08,51,test\per_win\abnormal\s08_w51.pt
s08,52,test\per_win\abnormal\s08_w52.pt
s08,53,test\per_win\abnormal\s08_w53.pt
s08,54,test\per_win\abnormal\s08_w54.pt
s08,55,test\per_win\abnormal\s08_w55.pt
s08,56,test\per_win\abnormal\s08_w56.pt
s08,57,test\per_win\abnormal\s08_w57.pt
s08,58,test\per_win\abnormal\s08_w58.pt
s08,59,test\per_win\abnormal\s08_w59.pt
s08,60,test\per_win\abnormal\s08_w60.pt
s08,61,test\per_win\abnormal\s08_w61.pt
s08,62,test\per_win\abnormal\s08_w62.pt
s08,63,test\per_win\abnormal\s08_w63.pt
s08,64,test\per_win\abnormal\s08_w64.pt
s09,1,test\per_win\abnormal\s09_w1.pt
s09,2,test\per_win\abnormal\s09_w2.pt
s09,3,test\per_win\abnormal\s09_w3.pt
s09,4,test\per_win\abnormal\s09_w4.pt
s09,5,test\per_win\abnormal\s09_w5.pt
s09,6,test\per_win\abnormal\s09_w6.pt
s09,7,test\per_win\abnormal\s09_w7.pt
s09,8,test\per_win\abnormal\s09_w8.pt
s09,9,test\per_win\abnormal\s09_w9.pt
s09,10,test\per_win\abnormal\s09_w10.pt
s09,11,test\per_win\abnormal\s09_w11.pt
s09,12,test\per_win\abnormal\s09_w12.pt
s09,13,test\per_win\abnormal\s09_w13.pt
s09,14,test\per_win\abnormal\s09_w14.pt
s09,15,test\per_win\abnormal\s09_w15.pt
s09,16,test\per_win\abnormal\s09_w16.pt
s09,17,test\per_win\abnormal\s09_w17.pt
s09,18,test\per_win\abnormal\s09_w18.pt
s09,19,test\per_win\abnormal\s09_w19.pt
s09,20,test\per_win\abnormal\s09_w20.pt
s09,21,test\per_win\abnormal\s09_w21.pt
s09,22,test\per_win\abnormal\s09_w22.pt
s09,23,test\per_win\abnormal\s09_w23.pt
s09,24,test\per_win\abnormal\s09_w24.pt
s09,25,test\per_win\abnormal\s09_w25.pt
s09,26,test\per_win\abnormal\s09_w26.pt
s09,27,test\per_win\abnormal\s09_w27.pt
s09,28,test\per_win\abnormal\s09_w28.pt
s09,29,test\per_win\abnormal\s09_w29.pt
s09,30,test\per_win\abnormal\s09_w30.pt
s09,31,test\per_win\abnormal\s09_w31.pt
s09,32,test\per_win\abnormal\s09_w32.pt
s09,33,test\per_win\abnormal\s09_w33.pt
s09,34,test\per_win\abnormal\s09_w34.pt
s09,35,test\per_win\abnormal\s09_w35.pt
s09,36,test\per_win\abnormal\s09_w36.pt
s09,37,test\per_win\abnormal\s09_w37.pt
s09,38,test\per_win\abnormal\s09_w38.pt
s09,39,test\per_win\abnormal\s09_w39.pt
s09,40,test\per_win\abnormal\s09_w40.pt
s09,41,test\per_win\abnormal\s09_w41.pt
s09,42,test\per_win\abnormal\s09_w42.pt
s09,43,test\per_win\abnormal\s09_w43.pt
s09,44,test\per_win\abnormal\s09_w44.pt
s09,45,test\per_win\abnormal\s09_w45.pt
s09,46,test\per_win\abnormal\s09_w46.pt
s09,47,test\per_win\abnormal\s09_w47.pt
s09,48,test\per_win\abnormal\s09_w48.pt
s09,49,test\per_win\abnormal\s09_w49.pt
s09,50,test\per_win\abnormal\s09_w50.pt
s09,51,test\per_win\abnormal\s09_w51.pt
s09,52,test\per_win\abnormal\s09_w52.pt
s09,53,test\per_win\abnormal\s09_w53.pt
s09,54,test\per_win\abnormal\s09_w54.pt
s09,55,test\per_win\abnormal\s09_w55.pt
s09,56,test\per_win\abnormal\s09_w56.pt
s09,57,test\per_win\abnormal\s09_w57.pt
s09,58,test\per_win\abnormal\s09_w58.pt
s09,59,test\per_win\abnormal\s09_w59.pt
s09,60,test\per_win\abnormal\s09_w60.pt
s09,61,test\per_win\abnormal\s09_w61.pt
s09,62,test\per_win\abnormal\s09_w62.pt
s09,63,test\per_win\abnormal\s09_w63.pt
s09,64,test\per_win\abnormal\s09_w64.pt
s10,1,test\per_win\abnormal\s10_w1.pt
s10,2,test\per_win\abnormal\s10_w2.pt
s10,3,test\per_win\abnormal\s10_w3.pt
s10,4,test\per_win\abnormal\s10_w4.pt
s10,5,test\per_win\abnormal\s10_w5.pt
s10,6,test\per_win\abnormal\s10_w6.pt
s10,7,test\per_win\abnormal\s10_w7.pt
s10,8,test\per_win\abnormal\s10_w8.pt
s10,9,test\per_win\abnormal\s10_w9.pt
s10,10,test\per_win\abnormal\s10_w10.pt
s10,11,test\per_win\abnormal\s10_w11.pt
s10,12,test\per_win\abnormal\s10_w12.pt
s10,13,test\per_win\abnormal\s10_w13.pt
s10,14,test\per_win\abnormal\s10_w14.pt
s10,15,test\per_win\abnormal\s10_w15.pt
s10,16,test\per_win\abnormal\s10_w16.pt
s10,17,test\per_win\abnormal\s10_w17.pt
s10,18,test\per_win\abnormal\s10_w18.pt
s10,19,test\per_win\abnormal\s10_w19.pt
s10,20,test\per_win\abnormal\s10_w20.pt
s10,21,test\per_win\abnormal\s10_w21.pt
s10,22,test\per_win\abnormal\s10_w22.pt
s10,23,test\per_win\abnormal\s10_w23.pt
s10,24,test\per_win\abnormal\s10_w24.pt
s10,25,test\per_win\abnormal\s10_w25.pt
s10,26,test\per_win\abnormal\s10_w26.pt
s10,27,test\per_win\abnormal\s10_w27.pt
s10,28,test\per_win\abnormal\s10_w28.pt
s10,29,test\per_win\abnormal\s10_w29.pt
s10,30,test\per_win\abnormal\s10_w30.pt
s10,31,test\per_win\abnormal\s10_w31.pt
s10,32,test\per_win\abnormal\s10_w32.pt
s10,33,test\per_win\abnormal\s10_w33.pt
s10,34,test\per_win\abnormal\s10_w34.pt
s10,35,test\per_win\abnormal\s10_w35.pt
s10,36,test\per_win\abnormal\s10_w36.pt
s10,37,test\per_win\abnormal\s10_w37.pt
s10,38,test\per_win\abnormal\s10_w38.pt
s10,39,test\per_win\abnormal\s10_w39.pt
s10,40,test\per_win\abnormal\s10_w40.pt
s10,41,test\per_win\abnormal\s10_w41.pt
s10,42,test\per_win\abnormal\s10_w42.pt
s10,43,test\per_win\abnormal\s10_w43.pt
s10,44,test\per_win\abnormal\s10_w44.pt
s10,45,test\per_win\abnormal\s10_w45.pt
s10,46,test\per_win\abnormal\s10_w46.pt
s10,47,test\per_win\abnormal\s10_w47.pt
s10,48,test\per_win\abnormal\s10_w48.pt
s10,49,test\per_win\abnormal\s10_w49.pt
s10,50,test\per_win\abnormal\s10_w50.pt
s10,51,test\per_win\abnormal\s10_w51.pt
s10,52,test\per_win\abnormal\s10_w52.pt
s10,53,test\per_win\abnormal\s10_w53.pt
s10,54,test\per_win\abnormal\s10_w54.pt
s10,55,test\per_win\abnormal\s10_w55.pt
s10,56,test\per_win\abnormal\s10_w56.pt
s10,57,test\per_win\abnormal\s10_w57.pt
s10,58,test\per_win\abnormal\s10_w58.pt
s10,59,test\per_win\abnormal\s10_w59.pt
s10,60,test\per_win\abnormal\s10_w60.pt
s10,61,test\per_win\abnormal\s10_w61.pt
s10,62,test\per_win\abnormal\s10_w62.pt
s10,63,test\per_win\abnormal\s10_w63.pt
s10,64,test\per_win\abnormal\s10_w64.pt
s11,1,test\per_win\abnormal\s11_w1.pt
s11,2,test\per_win\abnormal\s11_w2.pt
s11,3,test\per_win\abnormal\s11_w3.pt
s11,4,test\per_win\abnormal\s11_w4.pt
s11,5,test\per_win\abnormal\s11_w5.pt
s11,6,test\per_win\abnormal\s11_w6.pt
s11,7,test\per_win\abnormal\s11_w7.pt
s11,8,test\per_win\abnormal\s11_w8.pt
s11,9,test\per_win\abnormal\s11_w9.pt
s11,10,test\per_win\abnormal\s11_w10.pt
s11,11,test\per_win\abnormal\s11_w11.pt
s11,12,test\per_win\abnormal\s11_w12.pt
s11,13,test\per_win\abnormal\s11_w13.pt
s11,14,test\per_win\abnormal\s11_w14.pt
s11,15,test\per_win\abnormal\s11_w15.pt
s11,16,test\per_win\abnormal\s11_w16.pt
s11,17,test\per_win\abnormal\s11_w17.pt
s11,18,test\per_win\abnormal\s11_w18.pt
s11,19,test\per_win\abnormal\s11_w19.pt
s11,20,test\per_win\abnormal\s11_w20.pt
s11,21,test\per_win\abnormal\s11_w21.pt
s11,22,test\per_win\abnormal\s11_w22.pt
s11,23,test\per_win\abnormal\s11_w23.pt
s11,24,test\per_win\abnormal\s11_w24.pt
s11,25,test\per_win\abnormal\s11_w25.pt
s11,26,test\per_win\abnormal\s11_w26.pt
s11,27,test\per_win\abnormal\s11_w27.pt
s11,28,test\per_win\abnormal\s11_w28.pt
s11,29,test\per_win\abnormal\s11_w29.pt
s11,30,test\per_win\abnormal\s11_w30.pt
s11,31,test\per_win\abnormal\s11_w31.pt
s11,32,test\per_win\abnormal\s11_w32.pt
s11,33,test\per_win\abnormal\s11_w33.pt
s11,34,test\per_win\abnormal\s11_w34.pt
s11,35,test\per_win\abnormal\s11_w35.pt
s11,36,test\per_win\abnormal\s11_w36.pt
s11,37,test\per_win\abnormal\s11_w37.pt
s11,38,test\per_win\abnormal\s11_w38.pt
s11,39,test\per_win\abnormal\s11_w39.pt
s11,40,test\per_win\abnormal\s11_w40.pt
s11,41,test\per_win\abnormal\s11_w41.pt
s11,42,test\per_win\abnormal\s11_w42.pt
s11,43,test\per_win\abnormal\s11_w43.pt
s11,44,test\per_win\abnormal\s11_w44.pt
s11,45,test\per_win\abnormal\s11_w45.pt
s11,46,test\per_win\abnormal\s11_w46.pt
s11,47,test\per_win\abnormal\s11_w47.pt
s11,48,test\per_win\abnormal\s11_w48.pt
s11,49,test\per_win\abnormal\s11_w49.pt
s11,50,test\per_win\abnormal\s11_w50.pt
s11,51,test\per_win\abnormal\s11_w51.pt
s11,52,test\per_win\abnormal\s11_w52.pt
s11,53,test\per_win\abnormal\s11_w53.pt
s11,54,test\per_win\abnormal\s11_w54.pt
s11,55,test\per_win\abnormal\s11_w55.pt
s11,56,test\per_win\abnormal\s11_w56.pt
s11,57,test\per_win\abnormal\s11_w57.pt
s11,58,test\per_win\abnormal\s11_w58.pt
s11,59,test\per_win\abnormal\s11_w59.pt
s11,60,test\per_win\abnormal\s11_w60.pt
s11,61,test\per_win\abnormal\s11_w61.pt
s11,62,test\per_win\abnormal\s11_w62.pt
s11,63,test\per_win\abnormal\s11_w63.pt
s11,64,test\per_win\abnormal\s11_w64.pt
s12,1,test\per_win\abnormal\s12_w1.pt
s12,2,test\per_win\abnormal\s12_w2.pt
s12,3,test\per_win\abnormal\s12_w3.pt
s12,4,test\per_win\abnormal\s12_w4.pt
s12,5,test\per_win\abnormal\s12_w5.pt
s12,6,test\per_win\abnormal\s12_w6.pt
s12,7,test\per_win\abnormal\s12_w7.pt
s12,8,test\per_win\abnormal\s12_w8.pt
s12,9,test\per_win\abnormal\s12_w9.pt
s12,10,test\per_win\abnormal\s12_w10.pt
s12,11,test\per_win\abnormal\s12_w11.pt
s12,12,test\per_win\abnormal\s12_w12.pt
s12,13,test\per_win\abnormal\s12_w13.pt
s12,14,test\per_win\abnormal\s12_w14.pt
s12,15,test\per_win\abnormal\s12_w15.pt
s12,16,test\per_win\abnormal\s12_w16.pt
s12,17,test\per_win\abnormal\s12_w17.pt
s12,18,test\per_win\abnormal\s12_w18.pt
s12,19,test\per_win\abnormal\s12_w19.pt
s12,20,test\per_win\abnormal\s12_w20.pt
s12,21,test\per_win\abnormal\s12_w21.pt
s12,22,test\per_win\abnormal\s12_w22.pt
s12,23,test\per_win\abnormal\s12_w23.pt
s12,24,test\per_win\abnormal\s12_w24.pt
s12,25,test\per_win\abnormal\s12_w25.pt
s12,26,test\per_win\abnormal\s12_w26.pt
s12,27,test\per_win\abnormal\s12_w27.pt
s12,28,test\per_win\abnormal\s12_w28.pt
s12,29,test\per_win\abnormal\s12_w29.pt
s12,30,test\per_win\abnormal\s12_w30.pt
s12,31,test\per_win\abnormal\s12_w31.pt
s12,32,test\per_win\abnormal\s12_w32.pt
s12,33,test\per_win\abnormal\s12_w33.pt
s12,34,test\per_win\abnormal\s12_w34.pt
s12,35,test\per_win\abnormal\s12_w35.pt
s12,36,test\per_win\abnormal\s12_w36.pt
s12,37,test\per_win\abnormal\s12_w37.pt
s12,38,test\per_win\abnormal\s12_w38.pt
s12,39,test\per_win\abnormal\s12_w39.pt
s12,40,test\per_win\abnormal\s12_w40.pt
s12,41,test\per_win\abnormal\s12_w41.pt
s12,42,test\per_win\abnormal\s12_w42.pt
s12,43,test\per_win\abnormal\s12_w43.pt
s12,44,test\per_win\abnormal\s12_w44.pt
s12,45,test\per_win\abnormal\s12_w45.pt
s12,46,test\per_win\abnormal\s12_w46.pt
s12,47,test\per_win\abnormal\s12_w47.pt
s12,48,test\per_win\abnormal\s12_w48.pt
s12,49,test\per_win\abnormal\s12_w49.pt
s12,50,test\per_win\abnormal\s12_w50.pt
s12,51,test\per_win\abnormal\s12_w51.pt
s12,52,test\per_win\abnormal\s12_w52.pt
s12,53,test\per_win\abnormal\s12_w53.pt
s12,54,test\per_win\abnormal\s12_w54.pt
s12,55,test\per_win\abnormal\s12_w55.pt
s12,56,test\per_win\abnormal\s12_w56.pt
s12,57,test\per_win\abnormal\s12_w57.pt
s12,58,test\per_win\abnormal\s12_w58.pt
s12,59,test\per_win\abnormal\s12_w59.pt
s12,60,test\per_win\abnormal\s12_w60.pt
s12,61,test\per_win\abnormal\s12_w61.pt
s12,62,test\per_win\abnormal\s12_w62.pt
s12,63,test\per_win\abnormal\s12_w63.pt
s12,64,test\per_win\abnormal\s12_w64.pt
s13,1,test\per_win\abnormal\s13_w1.pt
s13,2,test\per_win\abnormal\s13_w2.pt
s13,3,test\per_win\abnormal\s13_w3.pt
s13,4,test\per_win\abnormal\s13_w4.pt
s13,5,test\per_win\abnormal\s13_w5.pt
s13,6,test\per_win\abnormal\s13_w6.pt
s13,7,test\per_win\abnormal\s13_w7.pt
s13,8,test\per_win\abnormal\s13_w8.pt
s13,9,test\per_win\abnormal\s13_w9.pt
s13,10,test\per_win\abnormal\s13_w10.pt
s13,11,test\per_win\abnormal\s13_w11.pt
s13,12,test\per_win\abnormal\s13_w12.pt
s13,13,test\per_win\abnormal\s13_w13.pt
s13,14,test\per_win\abnormal\s13_w14.pt
s13,15,test\per_win\abnormal\s13_w15.pt
s13,16,test\per_win\abnormal\s13_w16.pt
s13,17,test\per_win\abnormal\s13_w17.pt
s13,18,test\per_win\abnormal\s13_w18.pt
s13,19,test\per_win\abnormal\s13_w19.pt
s13,20,test\per_win\abnormal\s13_w20.pt
s13,21,test\per_win\abnormal\s13_w21.pt
s13,22,test\per_win\abnormal\s13_w22.pt
s13,23,test\per_win\abnormal\s13_w23.pt
s13,24,test\per_win\abnormal\s13_w24.pt
s13,25,test\per_win\abnormal\s13_w25.pt
s13,26,test\per_win\abnormal\s13_w26.pt
s13,27,test\per_win\abnormal\s13_w27.pt
s13,28,test\per_win\abnormal\s13_w28.pt
s13,29,test\per_win\abnormal\s13_w29.pt
s13,30,test\per_win\abnormal\s13_w30.pt
s13,31,test\per_win\abnormal\s13_w31.pt
s13,32,test\per_win\abnormal\s13_w32.pt
s13,33,test\per_win\abnormal\s13_w33.pt
s13,34,test\per_win\abnormal\s13_w34.pt
s13,35,test\per_win\abnormal\s13_w35.pt
s13,36,test\per_win\abnormal\s13_w36.pt
s13,37,test\per_win\abnormal\s13_w37.pt
s13,38,test\per_win\abnormal\s13_w38.pt
s13,39,test\per_win\abnormal\s13_w39.pt
s13,40,test\per_win\abnormal\s13_w40.pt
s13,41,test\per_win\abnormal\s13_w41.pt
s13,42,test\per_win\abnormal\s13_w42.pt
s13,43,test\per_win\abnormal\s13_w43.pt
s13,44,test\per_win\abnormal\s13_w44.pt
s13,45,test\per_win\abnormal\s13_w45.pt
s13,46,test\per_win\abnormal\s13_w46.pt
s13,47,test\per_win\abnormal\s13_w47.pt
s13,48,test\per_win\abnormal\s13_w48.pt
s13,49,test\per_win\abnormal\s13_w49.pt
s13,50,test\per_win\abnormal\s13_w50.pt
s13,51,test\per_win\abnormal\s13_w51.pt
s13,52,test\per_win\abnormal\s13_w52.pt
s13,53,test\per_win\abnormal\s13_w53.pt
s13,54,test\per_win\abnormal\s13_w54.pt
s13,55,test\per_win\abnormal\s13_w55.pt
s13,56,test\per_win\abnormal\s13_w56.pt
s13,57,test\per_win\abnormal\s13_w57.pt
s13,58,test\per_win\abnormal\s13_w58.pt
s13,59,test\per_win\abnormal\s13_w59.pt
s13,60,test\per_win\abnormal\s13_w60.pt
s13,61,test\per_win\abnormal\s13_w61.pt
s13,62,test\per_win\abnormal\s13_w62.pt
s13,63,test\per_win\abnormal\s13_w63.pt
s13,64,test\per_win\abnormal\s13_w64.pt
s14,1,test\per_win\abnormal\s14_w1.pt
s14,2,test\per_win\abnormal\s14_w2.pt
s14,3,test\per_win\abnormal\s14_w3.pt
s14,4,test\per_win\abnormal\s14_w4.pt
s14,5,test\per_win\abnormal\s14_w5.pt
s14,6,test\per_win\abnormal\s14_w6.pt
s14,7,test\per_win\abnormal\s14_w7.pt
s14,8,test\per_win\abnormal\s14_w8.pt
s14,9,test\per_win\abnormal\s14_w9.pt
s14,10,test\per_win\abnormal\s14_w10.pt
s14,11,test\per_win\abnormal\s14_w11.pt
s14,12,test\per_win\abnormal\s14_w12.pt
s14,13,test\per_win\abnormal\s14_w13.pt
s14,14,test\per_win\abnormal\s14_w14.pt
s14,15,test\per_win\abnormal\s14_w15.pt
s14,16,test\per_win\abnormal\s14_w16.pt
s14,17,test\per_win\abnormal\s14_w17.pt
s14,18,test\per_win\abnormal\s14_w18.pt
s14,19,test\per_win\abnormal\s14_w19.pt
s14,20,test\per_win\abnormal\s14_w20.pt
s14,21,test\per_win\abnormal\s14_w21.pt
s14,22,test\per_win\abnormal\s14_w22.pt
s14,23,test\per_win\abnormal\s14_w23.pt
s14,24,test\per_win\abnormal\s14_w24.pt
s14,25,test\per_win\abnormal\s14_w25.pt
s14,26,test\per_win\abnormal\s14_w26.pt
s14,27,test\per_win\abnormal\s14_w27.pt
s14,28,test\per_win\abnormal\s14_w28.pt
s14,29,test\per_win\abnormal\s14_w29.pt
s14,30,test\per_win\abnormal\s14_w30.pt
s14,31,test\per_win\abnormal\s14_w31.pt
s14,32,test\per_win\abnormal\s14_w32.pt
s14,33,test\per_win\abnormal\s14_w33.pt
s14,34,test\per_win\abnormal\s14_w34.pt
s14,35,test\per_win\abnormal\s14_w35.pt
s14,36,test\per_win\abnormal\s14_w36.pt
s14,37,test\per_win\abnormal\s14_w37.pt
s14,38,test\per_win\abnormal\s14_w38.pt
s14,39,test\per_win\abnormal\s14_w39.pt
s14,40,test\per_win\abnormal\s14_w40.pt
s14,41,test\per_win\abnormal\s14_w41.pt
s14,42,test\per_win\abnormal\s14_w42.pt
s14,43,test\per_win\abnormal\s14_w43.pt
s14,44,test\per_win\abnormal\s14_w44.pt
s14,45,test\per_win\abnormal\s14_w45.pt
s14,46,test\per_win\abnormal\s14_w46.pt
s14,47,test\per_win\abnormal\s14_w47.pt
s14,48,test\per_win\abnormal\s14_w48.pt
s14,49,test\per_win\abnormal\s14_w49.pt
s14,50,test\per_win\abnormal\s14_w50.pt
s14,51,test\per_win\abnormal\s14_w51.pt
s14,52,test\per_win\abnormal\s14_w52.pt
s14,53,test\per_win\abnormal\s14_w53.pt
s14,54,test\per_win\abnormal\s14_w54.pt
s14,55,test\per_win\abnormal\s14_w55.pt
s14,56,test\per_win\abnormal\s14_w56.pt
s14,57,test\per_win\abnormal\s14_w57.pt
s14,58,test\per_win\abnormal\s14_w58.pt
s14,59,test\per_win\abnormal\s14_w59.pt
s14,60,test\per_win\abnormal\s14_w60.pt
s14,61,test\per_win\abnormal\s14_w61.pt
s14,62,test\per_win\abnormal\s14_w62.pt
s14,63,test\per_win\abnormal\s14_w63.pt
s14,64,test\per_win\abnormal\s14_w64.pt
